input	reference	prediction
<sos>ank	5	3
<sos>anka	1	3
<sos>ankit	3	3
<sos>anakon	1	1
<sos>ankhon	1	3
<sos>ankon	2	1
<sos>angkor	1	1
<sos>ankor	2	3
<sos>angaarak	1	1
<sos>angarak	2	3
<sos>angraji	1	1
<sos>angreji	1	1
<sos>angrzi	1	1
<sos>antah	2	1
<sos>antaha	1	1
<sos>antarmukh	1	3
<sos>antmurkh	1	1
<sos>antrmukh	1	1
<sos>andrabee	1	1
<sos>andrabi	2	3
<sos>andha	3	3
<sos>andhapan	3	3
<sos>andheri	3	3
<sos>ambaani	1	1
<sos>ambani	3	3
<sos>akram	3	1
<sos>acapulco	1	1
<sos>akapulko	2	1
<sos>akhand	3	1
<sos>akhil	3	3
<sos>agavai	2	1
<sos>agvaai	1	1
<sos>augustine	2	3
<sos>augustustine	1	3
<sos>agsta	1	1
<sos>agusta	2	3
<sos>augusta	1	3
<sos>agr	2	1
<sos>agra	1	3
<sos>achambha	2	3
<sos>achanbha	1	1
<sos>achievement	2	1
<sos>achivement	1	3
<sos>acchi	1	1
<sos>achchi	1	1
<sos>achhi	1	1
<sos>achyut	3	1
<sos>achhanera	2	1
<sos>achnera	1	1
<sos>ajmeedh	3	1
<sos>ajhar	1	1
<sos>azhar	3	1
<sos>ajit	3	1
<sos>agnat	1	1
<sos>agyaat	1	1
<sos>agyat	1	1
<sos>atakta	2	1
<sos>atkata	1	1
<sos>atake	1	1
<sos>atke	2	3
<sos>atwaal	1	1
<sos>atwal	3	1
<sos>attahasa	1	1
<sos>atthaas	1	1
<sos>atthas	1	1
<sos>addon	3	1
<sos>athak	3	3
<sos>atharv	2	1
<sos>atharva	1	1
<sos>adad	3	3
<sos>adaani	1	1
<sos>adani	2	1
<sos>advait	2	1
<sos>adwait	1	1
<sos>advaitvaad	1	1
<sos>advaitwad	2	1
<sos>adhivas	1	3
<sos>adhiwas	1	1
<sos>advivas	1	3
<sos>adhiik	1	1
<sos>adhik	2	3
<sos>adhyayanarat	1	1
<sos>adhyayanrat	1	1
<sos>adhyaynrat	1	1
<sos>anant	3	3
<sos>ananti	3	3
<sos>angadh	2	1
<sos>angarh	1	3
<sos>anchahe	3	1
<sos>anthak	2	3
<sos>unthak	1	3
<sos>anhoni	3	3
<sos>anaavashyak	1	1
<sos>anavashyak	2	1
<sos>anavshyak	1	1
<sos>anawashyak	1	1
<sos>anik	3	1
<sos>anishwarvadi	1	1
<sos>anishwarwadi	2	1
<sos>anukoltha	1	1
<sos>anukulata	1	1
<sos>anukulta	1	1
<sos>anuchit	3	3
<sos>anuprayogi	1	1
<sos>anuprayogon	1	1
<sos>anupryogon	1	1
<sos>anureet	2	1
<sos>anurit	2	3
<sos>anuthi	3	3
<sos>anudit	3	3
<sos>anyaay	1	1
<sos>anyay	1	3
<sos>anyaya	1	3
<sos>apnani	3	3
<sos>aparivartanshali	1	1
<sos>aparivartansheel	1	1
<sos>aparivartanshil	1	1
<sos>apariharya	1	1
<sos>aprihary	1	1
<sos>apriyary	1	3
<sos>apavartit	1	1
<sos>apvartit	1	3
<sos>apvtrit	1	1
<sos>apaardarshi	1	1
<sos>apardarshi	3	1
<sos>afroj	2	3
<sos>afroz	1	1
<sos>africa	6	3
<sos>abbaasi	1	1
<sos>abbasi	3	3
<sos>abhimat	3	3
<sos>abhishap	3	3
<sos>abhi	4	3
<sos>amjhera	2	1
<sos>amzera	1	1
<sos>amargad	1	1
<sos>amargarh	2	1
<sos>amarpaal	1	1
<sos>amarpal	2	1
<sos>amarohi	1	1
<sos>amrohi	2	3
<sos>amaanat	1	1
<sos>amanat	2	1
<sos>amanth	1	1
<sos>amaanati	1	1
<sos>amanathi	1	1
<sos>amanati	2	1
<sos>amavasya	5	1
<sos>amavsya	1	1
<sos>amit	3	3
<sos>amitao	1	3
<sos>amitav	2	1
<sos>amuk	3	3
<sos>amogh	3	1
<sos>ambani	3	3
<sos>ayodhyaanaath	1	1
<sos>ayodhyanaath	1	1
<sos>ayodhyanath	3	1
<sos>ayodhyeanath	1	1
<sos>aradas	1	1
<sos>ardaas	1	1
<sos>ardas	3	1
<sos>arabab	1	3
<sos>arbab	3	1
<sos>around	3	1
<sos>arjent	1	3
<sos>urgent	2	1
<sos>arth	5	3
<sos>artha	1	1
<sos>earth	1	3
<sos>earthquake	3	1
<sos>arthon	3	1
<sos>arpit	3	1
<sos>aryama	1	1
<sos>aryma	1	1
<sos>arymaa	2	1
<sos>alankaar	1	1
<sos>alankar	2	3
<sos>alnkaar	1	1
<sos>alankaaron	1	1
<sos>alankaron	1	1
<sos>alnkaaron	1	1
<sos>alnkaron	1	1
<sos>alagavavadi	1	1
<sos>algavvadi	1	1
<sos>algavwaadi	1	1
<sos>alive	3	1
<sos>alance	1	3
<sos>alayans	1	1
<sos>aliance	1	1
<sos>alind	3	1
<sos>alai	1	1
<sos>ali	5	1
<sos>alii	1	1
<sos>alonso	2	1
<sos>aloso	1	1
<sos>alphabet	3	1
<sos>alba	3	1
<sos>avantipur	2	1
<sos>awantipora	1	1
<sos>avaru	1	1
<sos>avru	1	1
<sos>awaru	1	1
<sos>avarodhak	2	1
<sos>avrodhak	1	3
<sos>avrodhk	1	1
<sos>avarnata	2	1
<sos>avarnataa	1	1
<sos>avranta	1	1
<sos>avashist	1	1
<sos>avshisht	2	1
<sos>awashist	1	1
<sos>avasthaayen	1	1
<sos>avsthaen	1	1
<sos>avsthayen	1	1
<sos>awasthaen	1	1
<sos>avi	3	1
<sos>avika	3	3
<sos>aviral	2	3
<sos>avirl	1	1
<sos>avishvaasniy	1	1
<sos>avishvasniy	1	1
<sos>avishvasniya	1	1
<sos>avisvasniya	1	1
<sos>aviva	3	3
<sos>avaigyanic	1	1
<sos>avaigyanik	1	1
<sos>avegyanik	1	1
<sos>ashaktataa	2	1
<sos>ashktta	1	1
<sos>asharaphi	1	1
<sos>ashrafi	2	1
<sos>ashariri	1	1
<sos>ashriri	2	3
<sos>ashrvatath	1	1
<sos>ashvtth	2	1
<sos>asamaany	1	1
<sos>asamany	2	1
<sos>asmanye	1	1
<sos>asaamnjsy	1	1
<sos>asamanjasy	2	1
<sos>asamanjasya	1	1
<sos>asurakshit	2	1
<sos>asurkshit	1	1
<sos>aset	1	1
<sos>asset	2	1
<sos>asvabhavik	1	1
<sos>aswabhavik	1	1
<sos>aswbhavik	1	1
<sos>ahirauli	3	3
<sos>item	3	3
<sos>items	3	3
<sos>idle	2	1
<sos>idol	1	3
<sos>icc	3	3
<sos>iso	3	3
<sos>ipc	3	3
<sos>ipad	6	3
<sos>iris	3	1
<sos>ounce	3	1
<sos>aakaash	1	1
<sos>aakash	2	3
<sos>aake	3	3
<sos>aakhet	2	1
<sos>akhet	1	1
<sos>aagat	3	3
<sos>aagaman	1	1
<sos>aagman	2	1
<sos>aagaa	1	1
<sos>aagah	1	1
<sos>agha	1	1
<sos>aagaashe	1	1
<sos>aagashe	1	1
<sos>agashe	1	1
<sos>aajmaanaa	1	1
<sos>aajmana	2	1
<sos>aazmaanaa	1	1
<sos>aata	5	3
<sos>ata	1	1
<sos>atta	1	3
<sos>aatmayen	2	1
<sos>atmaen	2	1
<sos>aadaan	2	1
<sos>aadan	1	1
<sos>aadhaarit	1	1
<sos>aadharit	1	1
<sos>adharit	1	1
<sos>aadheen	1	1
<sos>aadhin	2	1
<sos>aadhunik	3	1
<sos>aanad	1	1
<sos>aanand	1	3
<sos>anand	1	3
<sos>aapka	2	1
<sos>aapkaa	1	1
<sos>aapadaaaen	1	1
<sos>aapdaein	1	1
<sos>aapdayein	1	1
<sos>aabantit	2	1
<sos>abantit	1	3
<sos>aabru	2	1
<sos>abaru	1	3
<sos>aamdan	2	1
<sos>amadan	1	1
<sos>aamdani	2	1
<sos>amadani	1	1
<sos>aamdi	2	1
<sos>amdi	1	1
<sos>aamod	1	1
<sos>amod	2	1
<sos>aayenge	3	1
<sos>aayojak	3	3
<sos>ro	3	1
<sos>rp	3	3
<sos>aaraam	1	1
<sos>aaram	2	1
<sos>aram	1	1
<sos>aarushi	2	3
<sos>arushi	1	3
<sos>artery	3	1
<sos>order	3	1
<sos>aary	1	1
<sos>aarya	1	1
<sos>arya	4	1
<sos>aaryika	1	1
<sos>aryika	2	1
<sos>aarya	1	1
<sos>arya	1	1
<sos>aryo	1	1
<sos>aaryan	1	3
<sos>arya	1	1
<sos>aryon	1	1
<sos>aalsi	2	1
<sos>alasi	1	1
<sos>aalochak	2	1
<sos>alochak	1	1
<sos>aalochakon	2	1
<sos>alochakon	1	1
<sos>aalha	1	1
<sos>aalhaa	1	1
<sos>alha	1	3
<sos>allah	1	3
<sos>aawaazen	1	1
<sos>aawajen	1	1
<sos>awaazen	1	1
<sos>awazen	1	1
<sos>aawajon	1	1
<sos>aawazon	1	1
<sos>awaazon	1	1
<sos>awazon	1	1
<sos>aavishakaar	1	1
<sos>aavishkaar	2	1
<sos>avishkar	1	3
<sos>aavriti	1	1
<sos>aavritti	1	1
<sos>avuti	1	3
<sos>aavritiyon	1	1
<sos>aavrittiyon	1	1
<sos>avrutiyon	1	1
<sos>aashanka	2	1
<sos>ashanka	1	1
<sos>aashriton	2	1
<sos>ashriton	1	1
<sos>aasaan	1	1
<sos>aasan	2	1
<sos>asan	1	3
<sos>aastik	1	1
<sos>astik	2	1
<sos>aasteen	1	1
<sos>aastin	1	1
<sos>astin	1	1
<sos>aahnaan	1	1
<sos>aahnan	1	1
<sos>ahyan	1	1
<sos>england	6	3
<sos>engineer	3	3
<sos>introduction	3	3
<sos>insurance	3	3
<sos>ear	2	3
<sos>eyer	1	1
<sos>eon	2	1
<sos>iaan	1	1
<sos>ekattha	2	1
<sos>ikattha	1	1
<sos>ekatthi	1	1
<sos>ekthi	1	1
<sos>ikatthi	1	1
<sos>ekaee	1	1
<sos>ikai	2	1
<sos>ekaeyon	1	1
<sos>ikaiyon	1	1
<sos>ikarion	1	1
<sos>economic	3	3
<sos>ecuador	2	3
<sos>equador	1	1
<sos>equities	2	3
<sos>ikvitija	1	1
<sos>ijaajat	2	1
<sos>ijajat	1	1
<sos>inhalation	2	3
<sos>inhaletion	1	3
<sos>ibija	2	1
<sos>ibiza	1	1
<sos>imaging	3	3
<sos>immune	3	3
<sos>elaichi	1	1
<sos>ilaichi	1	1
<sos>ilayachi	1	1
<sos>ilayichi	1	1
<sos>elaaj	1	1
<sos>ilaaj	5	1
<sos>ilaj	1	1
<sos>ishaak	1	1
<sos>ishaaq	1	1
<sos>ishak	1	3
<sos>ishaara	1	1
<sos>ishaaraa	1	1
<sos>ishara	1	1
<sos>ishita	3	3
<sos>isht	3	3
<sos>isteefe	1	3
<sos>istife	3	3
<sos>ea	2	3
<sos>ia	1	3
<sos>eater	2	3
<sos>iter	1	3
<sos>email	6	1
<sos>emailon	2	1
<sos>emelon	1	1
<sos>evening	3	3
<sos>east	1	3
<sos>ishat	1	3
<sos>isht	1	3
<sos>isaaiyon	1	1
<sos>isaiyon	1	1
<sos>isayiyon	1	1
<sos>ikhrul	1	1
<sos>ukhrool	1	1
<sos>ukhrul	1	1
<sos>uchhalane	1	1
<sos>uchhalne	2	1
<sos>ujback	1	3
<sos>uzbek	2	1
<sos>uthane	1	3
<sos>uthne	2	1
<sos>uthaakar	1	1
<sos>uthakar	3	3
<sos>uthaapatak	2	1
<sos>uthapatak	5	1
<sos>uthen	3	1
<sos>udaan	2	1
<sos>udan	2	3
<sos>udaanaa	1	1
<sos>udana	3	1
<sos>udaane	2	1
<sos>udane	1	1
<sos>udaanen	1	1
<sos>udanen	2	1
<sos>udaanon	1	1
<sos>udanon	2	1
<sos>utane	1	1
<sos>utaney	1	1
<sos>utne	1	1
<sos>uttara	1	1
<sos>uttra	2	1
<sos>utpan	3	3
<sos>udant	3	3
<sos>udghosh	3	1
<sos>udar	3	3
<sos>uda	2	2
<sos>udaa	1	1
<sos>udakishuganj	1	1
<sos>udakishunganj	2	1
<sos>unatees	1	1
<sos>untees	3	1
<sos>uniyal	3	3
<sos>upadraviyon	1	1
<sos>updravion	1	1
<sos>updraviyon	1	1
<sos>upadravi	1	1
<sos>updravi	2	1
<sos>upadrawon	2	1
<sos>updravon	1	1
<sos>upneta	3	1
<sos>upabhokta	1	1
<sos>upbhokta	2	3
<sos>uplaksh	1	3
<sos>uplakshay	1	1
<sos>uplakshya	1	1
<sos>uplabdh	3	3
<sos>uplabdhiyon	3	3
<sos>uplabdhi	3	3
<sos>upakhyaanon	1	1
<sos>upakhyanon	2	1
<sos>ubuntu	3	3
<sos>ubaal	1	1
<sos>ubal	3	3
<sos>ubhaara	1	1
<sos>ubhara	2	1
<sos>umanath	3	3
<sos>umesh	3	3
<sos>urf	1	3
<sos>urfa	1	3
<sos>urff	1	3
<sos>urvarakon	1	1
<sos>urvarkon	1	1
<sos>urwarakon	1	1
<sos>urvarata	1	1
<sos>urvarta	1	3
<sos>urwarta	1	1
<sos>ulate	1	3
<sos>ulte	2	3
<sos>ulahana	1	1
<sos>ulahna	2	1
<sos>ulema	3	1
<sos>ulemaon	3	3
<sos>usak	3	3
<sos>usaki	1	1
<sos>uski	2	3
<sos>usmein	2	1
<sos>usmen	2	1
<sos>usi	3	3
<sos>ustara	3	1
<sos>udharv	1	1
<sos>udhrva	1	1
<sos>urdhav	1	1
<sos>ushma	3	3
<sos>rishicool	1	3
<sos>rishikul	1	3
<sos>rushikul	1	1
<sos>enzyme	4	1
<sos>anton	2	1
<sos>entone	1	1
<sos>antoni	1	1
<sos>antony	2	1
<sos>endometrial	3	1
<sos>andreas	3	3
<sos>als	3	3
<sos>asi	3	3
<sos>eksaath	2	1
<sos>eksath	1	3
<sos>ekaki	3	3
<sos>xm	3	3
<sos>egmor	1	1
<sos>egmore	2	3
<sos>aj	3	3
<sos>agende	3	1
<sos>adp	3	3
<sos>adain	1	1
<sos>aden	1	1
<sos>edan	1	1
<sos>addi	1	3
<sos>eddi	1	1
<sos>eddie	1	1
<sos>eddy	1	1
<sos>apj	3	3
<sos>ftii	3	3
<sos>abbott	1	3
<sos>abut	1	3
<sos>ebt	1	3
<sos>abvp	3	1
<sos>abbot	1	3
<sos>abbott	2	3
<sos>mta	3	1
<sos>mtake	3	1
<sos>mtec	1	1
<sos>mtech	1	1
<sos>emerald	2	1
<sos>emrald	1	1
<sos>emil	1	1
<sos>emile	1	3
<sos>emily	1	1
<sos>amy	2	1
<sos>emi	1	1
<sos>airway	3	1
<sos>eyarave	1	1
<sos>eyarve	1	1
<sos>error	3	1
<sos>arica	1	3
<sos>erica	1	3
<sos>erika	1	1
<sos>aerobic	2	1
<sos>aerobics	1	1
<sos>lte	1	1
<sos>lti	2	3
<sos>allergic	3	3
<sos>eliminator	3	3
<sos>aliens	1	1
<sos>alliance	2	1
<sos>asian	3	1
<sos>sfc	3	3
<sos>sk	3	3
<sos>spf	3	3
<sos>association	3	3
<sos>astar	1	1
<sos>aster	1	1
<sos>ester	1	3
<sos>aesthetics	1	1
<sos>asthetic	2	1
<sos>asfalt	1	1
<sos>asphalt	1	1
<sos>asphault	1	1
<sos>ahsaas	1	1
<sos>ehsaas	1	1
<sos>ehsas	1	1
<sos>aisa	2	1
<sos>eesa	1	1
<sos>ainth	1	1
<sos>end	1	3
<sos>enth	1	1
<sos>ainthey	1	1
<sos>enthe	2	1
<sos>aithan	1	1
<sos>ethan	1	1
<sos>ethhan	1	1
<sos>ail	2	3
<sos>el	1	1
<sos>alaps	2	1
<sos>alps	1	3
<sos>aise	3	1
<sos>oxide	3	3
<sos>oxy	3	3
<sos>offers	4	3
<sos>offshor	1	1
<sos>offshore	2	1
<sos>official	3	3
<sos>okalahoma	1	1
<sos>oklahoma	2	1
<sos>oklahoma	3	1
<sos>ot	3	3
<sos>opel	3	1
<sos>obrayan	2	1
<sos>obrien	1	1
<sos>oran	3	3
<sos>orian	1	1
<sos>orion	2	3
<sos>olavrishti	3	1
<sos>ovum	2	3
<sos>owem	1	1
<sos>oceanic	3	3
<sos>osaka	3	1
<sos>auchity	2	3
<sos>auchitya	1	3
<sos>audhyogikaran	1	1
<sos>audyogikarana	1	1
<sos>audyogikikaran	1	1
<sos>aurangabad	3	3
<sos>aurora	3	3
<sos>aulakh	3	3
<sos>kankad	3	3
<sos>kankar	1	3
<sos>kankad	1	3
<sos>kankar	3	3
<sos>kangan	3	3
<sos>conjunction	3	1
<sos>contemporary	3	3
<sos>kanthahar	1	1
<sos>kanthhar	2	3
<sos>composer	3	1
<sos>kambalon	2	3
<sos>kanblon	1	1
<sos>consultant	3	3
<sos>kakkad	2	3
<sos>kakkar	2	3
<sos>kacche	2	1
<sos>kachche	1	1
<sos>karta	1	3
<sos>katra	2	3
<sos>cutlery	1	3
<sos>katlari	1	3
<sos>katlary	1	3
<sos>katasaraj	3	1
<sos>kathfodave	2	1
<sos>kathfodve	1	1
<sos>kathor	2	3
<sos>kathore	1	1
<sos>kanika	3	3
<sos>kathai	1	3
<sos>katthai	1	3
<sos>katthaii	1	1
<sos>convention	3	1
<sos>canals	1	1
<sos>kanaal	1	1
<sos>kanal	2	3
<sos>kanindham	1	3
<sos>kaningham	2	3
<sos>kanishthika	1	3
<sos>kanishthikaa	1	1
<sos>kanishtika	1	3
<sos>kanyaayen	1	1
<sos>kanyaein	1	1
<sos>kanyayen	1	1
<sos>convention	3	1
<sos>convocation	3	3
<sos>cup	3	3
<sos>kap	1	3
<sos>kapda	2	1
<sos>kpada	1	1
<sos>kapdo	2	1
<sos>kapdon	1	1
<sos>kaping	2	1
<sos>kping	1	3
<sos>kapolkalpana	3	1
<sos>kabaddi	6	1
<sos>kabr	2	1
<sos>kabra	1	1
<sos>kabren	3	1
<sos>kabron	3	1
<sos>kamjor	2	3
<sos>kamzor	1	1
<sos>kamatar	1	1
<sos>kamtar	2	3
<sos>kalamjeet	1	1
<sos>kamaljeet	2	1
<sos>kamaauu	1	1
<sos>kamau	2	3
<sos>kamaate	1	1
<sos>kamate	2	1
<sos>kamere	2	3
<sos>kmere	1	1
<sos>karanj	2	3
<sos>kranj	1	3
<sos>karanjiya	3	2
<sos>kardhe	1	1
<sos>karghe	2	3
<sos>karachana	1	1
<sos>karchhana	2	1
<sos>karna	3	1
<sos>karpatri	3	1
<sos>karam	3	3
<sos>karoor	2	1
<sos>karur	1	3
<sos>karnataka	6	1
<sos>karvi	2	1
<sos>kurvi	1	1
<sos>kalmein	1	1
<sos>kalmen	2	1
<sos>kalraj	3	3
<sos>kalika	3	3
<sos>kalpanaon	2	1
<sos>kalpnaon	1	1
<sos>kavvaliyon	2	3
<sos>qawwaliyon	1	1
<sos>kavvali	2	3
<sos>qawwali	2	1
<sos>kashton	3	1
<sos>kasarat	1	3
<sos>kasrat	2	3
<sos>kasara	3	1
<sos>kasida	3	3
<sos>kahane	2	1
<sos>kahne	1	1
<sos>kahlaya	3	3
<sos>kahaniyon	3	3
<sos>kile	3	3
<sos>kanji	3	3
<sos>cant	1	3
<sos>kant	2	3
<sos>kanti	3	3
<sos>kakoo	2	1
<sos>kaku	1	3
<sos>kaagaj	2	1
<sos>kaagaz	2	1
<sos>kagaj	2	3
<sos>kagaz	2	1
<sos>kaaji	1	1
<sos>kaji	2	3
<sos>kazi	1	1
<sos>qazi	1	1
<sos>kajoo	1	1
<sos>kaju	3	3
<sos>kapadi	1	1
<sos>kapdi	2	1
<sos>kamraj	3	3
<sos>kamottejana	1	1
<sos>kamottejna	2	1
<sos>kailana	1	1
<sos>kaylana	2	1
<sos>carfi	1	1
<sos>karki	2	3
<sos>kartik	3	1
<sos>karyakartaon	3	3
<sos>karykartaaon	1	1
<sos>karykartaon	1	1
<sos>karyabhar	1	3
<sos>karybhar	2	1
<sos>karyarat	1	3
<sos>karyrat	2	1
<sos>kaalpi	1	1
<sos>kalapi	1	3
<sos>kalpi	3	1
<sos>kalika	3	3
<sos>kalighat	3	3
<sos>coldvel	1	1
<sos>kaldvel	1	1
<sos>kaldwell	1	1
<sos>kaav	2	1
<sos>kav	1	3
<sos>kaasht	1	1
<sos>kasht	3	3
<sos>kasim	2	3
<sos>qasim	1	1
<sos>kasimabad	3	3
<sos>kiya	8	3
<sos>kiliyan	3	3
<sos>killat	3	3
<sos>killi	3	3
<sos>kisaani	1	1
<sos>kisani	3	3
<sos>kisanon	3	1
<sos>keede	1	1
<sos>kide	2	3
<sos>keynote	1	1
<sos>kinote	2	3
<sos>kiratpur	3	3
<sos>kundal	3	3
<sos>kundaliya	1	1
<sos>kundaliyan	2	3
<sos>kutta	3	3
<sos>kuposhit	3	3
<sos>kumau	3	3
<sos>kumavat	1	3
<sos>kumawat	2	1
<sos>kural	3	3
<sos>kurmi	3	3
<sos>kursiyon	3	1
<sos>kush	3	3
<sos>kushaan	2	1
<sos>kushan	1	3
<sos>kusumalataa	1	1
<sos>kusumalta	1	3
<sos>kusumlata	1	3
<sos>koot	2	1
<sos>kut	1	3
<sos>kritika	3	2
<sos>kpo	3	1
<sos>canterbari	1	1
<sos>canterbury	2	1
<sos>candidate	5	3
<sos>katrina	4	3
<sos>caitlyn	1	1
<sos>cateline	1	1
<sos>catlin	1	1
<sos>cadmium	3	3
<sos>catholic	3	1
<sos>catholicon	2	1
<sos>kaetholikon	1	1
<sos>capacitor	3	3
<sos>carat	3	3
<sos>cavity	3	1
<sos>cavalry	1	1
<sos>kaivelari	2	1
<sos>complex	6	1
<sos>kocchi	1	1
<sos>kochi	2	3
<sos>corridor	5	1
<sos>corolla	1	1
<sos>korola	2	1
<sos>caolan	1	1
<sos>colan	1	1
<sos>colon	1	1
<sos>calling	2	3
<sos>koling	1	3
<sos>colorado	3	1
<sos>kolorado	1	1
<sos>kaushal	3	3
<sos>kaushalata	2	1
<sos>kaushalta	1	1
<sos>kaushambi	3	1
<sos>cute	3	3
<sos>quete	1	1
<sos>cube	3	1
<sos>cubeck	1	3
<sos>quebec	2	3
<sos>cubes	3	1
<sos>krantiyon	3	3
<sos>cric	2	3
<sos>crick	1	1
<sos>cricket	8	3
<sos>cricketer	3	1
<sos>cricketing	3	3
<sos>kriyayog	3	3
<sos>christian	3	3
<sos>kruger	3	1
<sos>craig	2	1
<sos>creg	1	1
<sos>cradle	3	1
<sos>chrom	1	3
<sos>chrome	2	3
<sos>client	3	3
<sos>clock	3	3
<sos>clasen	1	1
<sos>classen	2	1
<sos>classon	3	1
<sos>clay	3	3
<sos>claris	1	1
<sos>cleris	1	1
<sos>clerys	1	3
<sos>quantico	4	3
<sos>queens	3	1
<sos>kshitij	2	1
<sos>shitij	1	1
<sos>kshin	2	3
<sos>shin	1	1
<sos>kshetron	4	1
<sos>shetron	1	1
<sos>khand	1	3
<sos>khanda	2	3
<sos>khachakhach	3	3
<sos>khajarana	1	1
<sos>khajraana	1	1
<sos>khajrana	1	3
<sos>khatakati	1	1
<sos>khatakti	1	1
<sos>kihatkati	1	3
<sos>khattapan	3	3
<sos>khat	3	3
<sos>khani	3	3
<sos>khanik	3	3
<sos>khanikarm	1	3
<sos>khanikarma	1	3
<sos>khanikarmi	1	3
<sos>khapat	3	3
<sos>khariya	3	3
<sos>khalnayak	3	3
<sos>khaaskar	1	1
<sos>khaskar	2	3
<sos>khaastaur	1	1
<sos>khastaur	2	1
<sos>khaibar	2	3
<sos>khyber	1	1
<sos>khaein	1	1
<sos>khaen	1	1
<sos>khayen	1	1
<sos>khaate	1	1
<sos>khaatey	1	1
<sos>khate	2	3
<sos>khal	3	3
<sos>khinchakar	1	3
<sos>khinchkar	2	3
<sos>khilana	3	3
<sos>khinchkar	3	3
<sos>khuda	3	3
<sos>khudai	3	3
<sos>khurapka	1	1
<sos>khurpaka	2	3
<sos>khurasan	3	3
<sos>khushiyan	3	3
<sos>khene	3	3
<sos>khaini	3	3
<sos>khairati	3	3
<sos>khoikhoi	3	1
<sos>khoya	3	3
<sos>gangrel	3	1
<sos>gangaajal	1	1
<sos>gangajal	2	3
<sos>gandaki	1	3
<sos>gandki	2	3
<sos>gandh	3	3
<sos>gandha	1	3
<sos>gae	1	1
<sos>gaye	2	3
<sos>gajara	1	1
<sos>gajra	2	3
<sos>gadkar	3	3
<sos>ganapati	2	1
<sos>ganpati	2	3
<sos>gatisheel	1	1
<sos>gatishil	2	3
<sos>gatishilata	3	3
<sos>gadadhar	3	3
<sos>gammat	3	3
<sos>gaya	3	3
<sos>garibi	3	3
<sos>garjana	3	3
<sos>galgand	3	3
<sos>gahmagahmi	2	1
<sos>gemhagehmi	1	1
<sos>ganguly	3	1
<sos>gaanth	1	1
<sos>ganth	2	3
<sos>gaanthe	1	1
<sos>ganthe	2	3
<sos>ganthen	3	1
<sos>ganthon	3	1
<sos>gaen	2	1
<sos>gayen	1	1
<sos>gazi	3	1
<sos>gajipur	1	3
<sos>gazipur	2	1
<sos>gayatri	4	3
<sos>gayitri	1	1
<sos>gaytri	1	1
<sos>gidgidate	3	3
<sos>ginate	1	1
<sos>ginte	2	3
<sos>girkar	3	3
<sos>girijaghar	1	3
<sos>girjaghar	2	3
<sos>girijagharon	1	3
<sos>girjagharon	2	3
<sos>girati	1	3
<sos>girti	2	3
<sos>girish	3	3
<sos>guan	3	1
<sos>gujar	3	3
<sos>gujarata	1	1
<sos>gujarta	2	3
<sos>gujarate	1	1
<sos>gujarte	2	3
<sos>gujarana	1	1
<sos>gujarna	2	1
<sos>gujara	3	3
<sos>gujare	4	1
<sos>gutta	3	3
<sos>gthalidar	1	3
<sos>guthalidar	2	1
<sos>gudna	3	1
<sos>gumaan	1	1
<sos>guman	3	3
<sos>gulshan	3	3
<sos>gunga	3	3
<sos>grihnagar	1	1
<sos>gruhnagar	2	1
<sos>galaxion	1	1
<sos>galaxiyon	1	3
<sos>galaxyon	1	1
<sos>gochar	2	3
<sos>gouchar	1	1
<sos>godara	3	1
<sos>gopichand	3	3
<sos>gomake	1	3
<sos>gomke	2	3
<sos>goel	1	1
<sos>goyal	2	3
<sos>gosvaami	1	1
<sos>gosvami	1	1
<sos>goswami	2	1
<sos>gaumukh	3	3
<sos>gomukh	1	3
<sos>gaumutr	1	1
<sos>gaumutra	2	3
<sos>gowmutra	1	1
<sos>granthiyaan	1	1
<sos>granthiyan	2	3
<sos>grandhiyon	1	3
<sos>granthiyon	2	3
<sos>greest	1	1
<sos>greist	1	1
<sos>grist	1	3
<sos>greg	3	3
<sos>granite	2	3
<sos>grenite	1	1
<sos>grandson	3	1
<sos>gross	3	3
<sos>ghataatop	1	1
<sos>ghatatop	2	3
<sos>ghataayaa	1	1
<sos>ghataya	2	3
<sos>ghanakar	3	3
<sos>ghabrahat	3	3
<sos>ghasi	3	3
<sos>ghisai	3	3
<sos>ghisi	3	3
<sos>ghise	3	3
<sos>ghumakkadi	2	3
<sos>ghumakkdi	1	1
<sos>ghumakkadon	1	3
<sos>ghumakkaron	1	3
<sos>ghumakkdon	1	1
<sos>ghummakkadon	1	2
<sos>ghumaan	1	1
<sos>ghuman	2	3
<sos>ghoonsa	1	1
<sos>ghunsa	3	3
<sos>ghongha	3	3
<sos>ghontane	2	3
<sos>ghontne	1	1
<sos>ghot	3	3
<sos>ghodi	3	3
<sos>ghost	3	3
<sos>changul	3	3
<sos>chand	6	3
<sos>chandan	6	3
<sos>chandana	1	3
<sos>chandu	3	3
<sos>chandon	3	3
<sos>chandrabali	3	3
<sos>chandramaon	3	3
<sos>chakatte	1	3
<sos>chaktte	2	1
<sos>chakkar	2	3
<sos>chkkar	1	1
<sos>chakshu	3	3
<sos>chatagaon	1	3
<sos>chatgaon	2	3
<sos>chadhane	1	3
<sos>chadhne	2	2
<sos>chaturdik	3	1
<sos>chatunshkoniy	1	1
<sos>chatushkoniy	1	1
<sos>chatushkoniya	1	1
<sos>channa	3	3
<sos>chabate	3	3
<sos>chabutare	2	3
<sos>chabutre	1	1
<sos>chamakna	2	1
<sos>chamkana	1	1
<sos>charas	3	3
<sos>charit	3	3
<sos>charcha	3	1
<sos>churcha	1	3
<sos>charchaon	3	1
<sos>chalenge	2	3
<sos>chlenge	1	1
<sos>chahunaur	1	1
<sos>chahunor	2	1
<sos>chanval	2	1
<sos>chanwal	1	1
<sos>chachaji	3	3
<sos>chadar	3	3
<sos>chadaron	1	3
<sos>chadron	2	3
<sos>chan	3	3
<sos>chanan	3	3
<sos>chaplusi	3	3
<sos>chayal	3	3
<sos>char	3	3
<sos>charon	3	3
<sos>charge	3	3
<sos>chart	6	3
<sos>charton	3	1
<sos>charts	3	1
<sos>chaalit	2	1
<sos>chalit	1	3
<sos>chikitsak	3	1
<sos>chikitsakon	3	3
<sos>chikhali	3	3
<sos>chiththi	1	1
<sos>chitthi	2	3
<sos>chithhi	1	1
<sos>chiththi	1	1
<sos>chitthi	1	3
<sos>chidchidapan	3	3
<sos>chidchidapan	3	3
<sos>chidhate	2	1
<sos>chidhte	1	1
<sos>chithrkar	1	1
<sos>chitrkar	2	1
<sos>chipakane	1	1
<sos>chipakne	1	1
<sos>chipkane	1	1
<sos>chimati	1	3
<sos>chimti	2	1
<sos>chillane	3	3
<sos>chee	1	1
<sos>chi	2	3
<sos>chuka	3	3
<sos>chune	3	3
<sos>chunar	3	3
<sos>changed	3	3
<sos>chetti	3	1
<sos>chennai	5	1
<sos>chero	3	3
<sos>chest	3	3
<sos>championship	6	1
<sos>chor	3	3
<sos>choro	1	3
<sos>choron	2	3
<sos>chauk	2	3
<sos>chowk	1	1
<sos>chauka	2	3
<sos>chuka	1	3
<sos>chaukiyan	3	3
<sos>chauki	3	3
<sos>chaukhate	3	1
<sos>chauguni	3	3
<sos>chauda	2	3
<sos>chaudah	1	3
<sos>chaudahavan	1	1
<sos>chaudhavan	1	3
<sos>chaudhawan	1	1
<sos>chaupati	2	3
<sos>chupaty	1	1
<sos>chaupal	3	3
<sos>chaurai	3	3
<sos>chausinga	2	3
<sos>chausingha	1	3
<sos>chhagan	3	3
<sos>chhabi	3	3
<sos>chhalla	2	3
<sos>chhallaa	1	1
<sos>chhaviyaan	1	1
<sos>chhaviyan	2	1
<sos>chhavi	3	3
<sos>cheh	1	1
<sos>chhah	2	3
<sos>chehon	1	3
<sos>chhahon	2	1
<sos>chhai	4	1
<sos>chhagla	3	3
<sos>chhajan	3	3
<sos>chhaati	1	1
<sos>chhati	2	3
<sos>chhaapemaar	1	1
<sos>chhapemar	2	3
<sos>chheenk	1	1
<sos>chhink	2	3
<sos>chink	1	3
<sos>chenkein	1	1
<sos>chhekein	1	1
<sos>chhinke	1	1
<sos>chhinky	1	1
<sos>chinke	1	3
<sos>chhudaane	2	1
<sos>chhudane	3	1
<sos>chhupakar	1	1
<sos>chhupkar	2	1
<sos>chhupkr	1	1
<sos>chhupata	1	1
<sos>chhupta	2	3
<sos>chhuptaa	1	1
<sos>chhura	3	3
<sos>chhuraa	3	1
<sos>chhuree	1	1
<sos>chhuri	3	3
<sos>chhure	3	1
<sos>chhootane	1	1
<sos>chhutane	2	1
<sos>chhutne	1	1
<sos>chheter	1	1
<sos>chhetr	2	1
<sos>chhetter	1	1
<sos>chhetri	2	1
<sos>chhetthari	1	1
<sos>chhetthri	1	1
<sos>chai	1	3
<sos>chhai	1	1
<sos>chhe	1	1
<sos>jagaega	2	1
<sos>jagayega	1	1
<sos>jaghaega	1	1
<sos>jgaayega	1	1
<sos>jgayegaa	1	1
<sos>jajaon	1	3
<sos>jajon	3	3
<sos>jad	3	1
<sos>jadd	1	1
<sos>jaddit	1	3
<sos>jadeite	1	1
<sos>jadet	1	3
<sos>jadit	2	3
<sos>jadein	2	1
<sos>jaden	2	1
<sos>jatara	3	1
<sos>jatra	1	1
<sos>jataati	1	1
<sos>jatatee	1	1
<sos>jatati	2	3
<sos>janagananaa	1	1
<sos>janaganna	1	1
<sos>jangadnaa	1	1
<sos>janganana	2	1
<sos>janganna	1	1
<sos>janajagran	1	1
<sos>janjaagran	2	1
<sos>janjagran	3	1
<sos>january	3	1
<sos>janahaani	1	1
<sos>janahani	1	1
<sos>janhaani	1	1
<sos>janhani	1	1
<sos>jnhaani	1	1
<sos>jamaate	1	1
<sos>jamaati	2	1
<sos>jamati	1	3
<sos>jamaaya	1	1
<sos>jamaeya	1	1
<sos>jamaya	2	1
<sos>jamayaa	1	1
<sos>jamuai	1	1
<sos>jamuei	1	1
<sos>jamui	2	1
<sos>jai	6	1
<sos>jay	2	1
<sos>jaidayal	1	1
<sos>jayadayal	1	1
<sos>jaydayal	2	1
<sos>jaibaan	1	1
<sos>jaiban	2	1
<sos>jaybaan	1	1
<sos>jayalalita	1	1
<sos>jayalalitaa	1	1
<sos>jayalalithaa	1	1
<sos>jaylalita	1	1
<sos>jarakh	3	3
<sos>zarakh	1	1
<sos>jarda	3	3
<sos>jardaa	1	1
<sos>zarda	1	1
<sos>jalagati	1	3
<sos>jalgati	2	3
<sos>jalgti	1	1
<sos>jalte	3	3
<sos>jalbharav	4	3
<sos>jalbhraav	2	1
<sos>jalbhrav	1	1
<sos>jalvaayu	1	1
<sos>jalvayu	3	3
<sos>jalesar	3	1
<sos>jasmeet	2	1
<sos>jasmit	1	1
<sos>jassee	1	1
<sos>jassi	3	1
<sos>jamaanaa	1	1
<sos>jamana	1	1
<sos>zamaanaa	1	1
<sos>zamana	3	1
<sos>jaljale	2	3
<sos>zalzale	1	1
<sos>zee	3	1
<sos>jubaan	2	1
<sos>juban	2	1
<sos>zuban	1	1
<sos>jaanch	1	1
<sos>jaaunch	1	1
<sos>janch	2	1
<sos>jaunch	1	1
<sos>jaagriti	1	1
<sos>jagriti	2	2
<sos>jagruti	2	1
<sos>jajamau	1	1
<sos>jajmau	1	1
<sos>jajmauu	1	3
<sos>jaat	3	1
<sos>jat	1	1
<sos>jaatak	2	1
<sos>jatak	2	3
<sos>jaatakon	1	1
<sos>jaatkon	1	1
<sos>jatakon	2	2
<sos>jaatiyon	2	1
<sos>jatiyon	2	3
<sos>jaankaaron	1	1
<sos>jaankaron	1	1
<sos>jankaron	2	1
<sos>jaanam	2	1
<sos>janam	2	1
<sos>jaayke	2	1
<sos>jayke	2	1
<sos>jaawar	1	1
<sos>zawar	2	1
<sos>jing	3	1
<sos>gin	1	3
<sos>jeen	1	1
<sos>jin	3	1
<sos>ginee	1	1
<sos>jinee	1	1
<sos>jini	2	3
<sos>geneva	1	1
<sos>jeneva	1	1
<sos>jiniva	1	1
<sos>gypsy	3	3
<sos>jimme	3	1
<sos>jiya	3	2
<sos>gic	3	3
<sos>gr	3	3
<sos>gm	3	3
<sos>gsm	3	3
<sos>gtod	1	3
<sos>gtor	1	3
<sos>jeetod	1	1
<sos>jitod	4	1
<sos>jean	1	1
<sos>jeen	2	1
<sos>jin	1	1
<sos>jeenon	2	1
<sos>jinon	1	2
<sos>jeepney	1	1
<sos>jipani	2	1
<sos>jeeyo	1	1
<sos>jio	1	3
<sos>jiyo	1	3
<sos>jeera	3	1
<sos>jira	1	3
<sos>jeevant	1	1
<sos>jivant	2	1
<sos>jeevan	7	1
<sos>jeewan	1	1
<sos>jivan	6	1
<sos>jiwan	1	1
<sos>jeevanshaili	2	1
<sos>jivanshaili	4	1
<sos>jeevniyaan	1	1
<sos>jivaniya	1	1
<sos>jivaniyaan	1	1
<sos>jivaniyan	1	1
<sos>jeevraaj	1	1
<sos>jivraj	2	1
<sos>jua	1	1
<sos>jue	1	1
<sos>juye	1	1
<sos>jutee	1	1
<sos>juti	2	3
<sos>judaai	2	1
<sos>judae	1	2
<sos>judai	1	1
<sos>judaai	3	1
<sos>judai	1	1
<sos>junoon	2	1
<sos>junun	1	1
<sos>junooni	2	1
<sos>jununi	1	3
<sos>jubair	1	1
<sos>juber	2	3
<sos>zubair	1	1
<sos>juraab	1	1
<sos>jurab	2	3
<sos>julaahon	2	1
<sos>julahon	2	3
<sos>julmon	2	1
<sos>zulmon	1	1
<sos>jood	1	1
<sos>jud	3	3
<sos>junagadh	1	1
<sos>junagarh	2	1
<sos>junior	3	1
<sos>jealous	1	1
<sos>juloos	2	1
<sos>julus	1	1
<sos>jetha	3	3
<sos>jenner	3	1
<sos>generic	2	3
<sos>jenrick	1	1
<sos>generat	1	3
<sos>generate	2	3
<sos>jenee	1	1
<sos>jenni	1	1
<sos>jenny	2	1
<sos>james	3	1
<sos>jeremy	3	1
<sos>gerome	1	3
<sos>jerome	2	1
<sos>jacks	3	1
<sos>jain	6	1
<sos>gene	1	3
<sos>jaine	2	3
<sos>jaino	1	1
<sos>jainon	2	1
<sos>jerry	3	1
<sos>jasper	3	1
<sos>jogging	3	1
<sos>johnson	3	1
<sos>jobs	3	1
<sos>jockey	2	1
<sos>joki	3	3
<sos>jokhim	3	3
<sos>joddta	1	1
<sos>jodta	2	1
<sos>jorhta	1	1
<sos>jodiyon	3	3
<sos>jodo	3	3
<sos>jaun	3	1
<sos>gyatavya	2	1
<sos>gyatvy	1	1
<sos>gyapit	3	3
<sos>jyotiba	3	3
<sos>joint	3	3
<sos>jvar	1	1
<sos>jwar	2	1
<sos>jvaaron	1	1
<sos>jvaron	1	1
<sos>jwaron	1	1
<sos>jewellers	3	3
<sos>jh	2	3
<sos>jha	1	3
<sos>jhalakti	1	3
<sos>jhalkati	2	3
<sos>jhalla	3	3
<sos>jhankana	2	1
<sos>jhankna	2	1
<sos>jheel	1	1
<sos>jhil	2	3
<sos>jheelon	1	1
<sos>jhilon	2	3
<sos>jhuthala	1	1
<sos>jhuthla	2	1
<sos>jhuthalane	1	1
<sos>jhuthlane	2	1
<sos>tankaar	1	1
<sos>tankar	2	3
<sos>takara	1	1
<sos>takra	2	1
<sos>takaraon	1	1
<sos>takravon	2	1
<sos>tapakti	2	3
<sos>tapkati	1	1
<sos>time	3	3
<sos>timer	3	3
<sos>taoo	1	1
<sos>tau	2	3
<sos>tapoowo	1	1
<sos>tapuon	2	3
<sos>tapuwo	1	1
<sos>tied	1	1
<sos>tired	1	1
<sos>tyred	1	1
<sos>tarch	2	3
<sos>torch	1	3
<sos>tik	3	1
<sos>teap	1	3
<sos>tip	2	3
<sos>tippanikar	2	1
<sos>tippnikar	1	1
<sos>tivolee	1	1
<sos>tivoli	3	3
<sos>teekamgarh	1	1
<sos>tikamgarh	3	1
<sos>teekon	1	1
<sos>tikon	3	3
<sos>two	3	1
<sos>tension	3	1
<sos>tenis	1	3
<sos>tennis	2	1
<sos>taste	1	3
<sos>test	3	3
<sos>tasting	1	3
<sos>testing	6	3
<sos>tainin	2	1
<sos>tenin	1	1
<sos>tanish	1	3
<sos>tennis	2	1
<sos>taboo	1	1
<sos>taiboo	1	1
<sos>taobao	1	1
<sos>tonic	3	3
<sos>tonga	3	3
<sos>toka	4	3
<sos>tuesday	3	1
<sos>tuning	3	3
<sos>tuberculosis	2	1
<sos>tuberkyulosis	1	1
<sos>truck	5	1
<sos>trangistor	1	1
<sos>tranjister	1	1
<sos>transistor	1	1
<sos>transfer	3	1
<sos>tribunal	3	3
<sos>tribunal	2	3
<sos>trubyunal	1	1
<sos>truth	2	1
<sos>tuth	1	3
<sos>traded	3	1
<sos>trabal	1	1
<sos>trebal	1	1
<sos>trouble	1	1
<sos>traip	2	1
<sos>trap	4	1
<sos>trot	1	3
<sos>trott	2	3
<sos>thakkar	2	3
<sos>thakkr	1	1
<sos>thaharne	1	1
<sos>thahrane	1	1
<sos>theharne	1	1
<sos>thikane	3	1
<sos>thumari	1	3
<sos>thumri	2	3
<sos>theinga	1	1
<sos>thenga	2	1
<sos>thengaa	1	1
<sos>daglas	2	1
<sos>douglas	1	1
<sos>dabhara	2	1
<sos>dabhra	1	1
<sos>dabhoi	3	1
<sos>dam	1	3
<sos>dum	2	3
<sos>darate	3	1
<sos>daratey	1	1
<sos>daravani	1	1
<sos>darawani	1	1
<sos>dravani	2	1
<sos>down	3	1
<sos>daak	1	1
<sos>dak	2	1
<sos>daka	3	3
<sos>dabi	3	3
<sos>dabolim	3	3
<sos>dinosaur	4	1
<sos>diaries	3	1
<sos>dit	3	3
<sos>depthiriya	1	1
<sos>diphtheria	2	1
<sos>de	3	3
<sos>dealership	3	3
<sos>dvc	3	3
<sos>dubaana	1	1
<sos>dubana	3	3
<sos>dubona	3	3
<sos>dulne	3	2
<sos>doonarpur	1	1
<sos>doongarpur	1	1
<sos>dungarpur	4	1
<sos>dungerpur	1	3
<sos>dubana	2	3
<sos>dubna	1	3
<sos>dangerous	6	1
<sos>daisy	2	1
<sos>dazy	1	1
<sos>deji	1	3
<sos>deputy	3	1
<sos>davidson	1	1
<sos>devidson	2	1
<sos>davey	1	1
<sos>devi	1	1
<sos>dewey	1	1
<sos>destination	3	3
<sos>datson	1	1
<sos>datsun	2	1
<sos>daddy	3	1
<sos>dark	2	3
<sos>dork	1	3
<sos>dose	3	3
<sos>domenic	3	1
<sos>doranda	3	1
<sos>dolane	1	1
<sos>dolne	2	2
<sos>dual	3	3
<sos>duak	1	3
<sos>duke	2	3
<sos>drame	2	3
<sos>dramen	1	1
<sos>drager	1	1
<sos>dredger	1	1
<sos>dreijer	1	1
<sos>dhakaal	1	1
<sos>dhakal	1	3
<sos>dhakkal	1	3
<sos>dhkal	1	1
<sos>dhale	3	3
<sos>dhoondh	5	1
<sos>dhundh	3	3
<sos>dhoondhata	1	1
<sos>dhundhata	1	1
<sos>dhundhta	1	1
<sos>dhoondhi	1	1
<sos>dhundhi	2	3
<sos>tanjavur	2	1
<sos>thanjavur	1	1
<sos>tantr	1	1
<sos>tantra	3	3
<sos>tantrikao	1	1
<sos>tantrikaon	2	3
<sos>tantro	1	1
<sos>tantron	2	1
<sos>tagade	2	3
<sos>tagde	1	3
<sos>tadipaar	2	1
<sos>tadipar	2	3
<sos>tani	3	3
<sos>tapan	3	3
<sos>tarafa	1	1
<sos>tarfa	2	3
<sos>tarabganj	3	3
<sos>taras	3	3
<sos>taraash	2	1
<sos>tarash	1	3
<sos>tarashay	1	1
<sos>tarashe	2	1
<sos>tareeko	1	1
<sos>tariko	2	3
<sos>tark	6	3
<sos>tarkvaad	1	1
<sos>tarkvad	1	1
<sos>tarkwaad	1	1
<sos>tarko	1	1
<sos>tarkon	2	1
<sos>talabgaar	1	1
<sos>talabgar	1	3
<sos>talbagaar	1	1
<sos>talbagar	1	3
<sos>talawe	1	1
<sos>talve	2	1
<sos>talawon	1	1
<sos>talvon	2	1
<sos>tahakhana	1	1
<sos>tahkhaana	1	1
<sos>tahkhana	2	3
<sos>taantaa	1	1
<sos>tanta	3	3
<sos>tambe	2	3
<sos>tanbe	1	1
<sos>taaja	1	1
<sos>taajaa	1	1
<sos>taaza	2	1
<sos>taja	1	3
<sos>taza	1	1
<sos>tansen	3	1
<sos>taapmaanon	1	1
<sos>tapmano	1	1
<sos>tapmanon	2	3
<sos>taapti	1	1
<sos>tapti	2	3
<sos>tarabai	3	3
<sos>taseer	1	1
<sos>tasir	2	3
<sos>taahi	1	1
<sos>tahi	3	3
<sos>tikone	3	1
<sos>tirupati	3	3
<sos>tiwari	6	1
<sos>ti	3	3
<sos>teer	3	1
<sos>tir	1	3
<sos>teeron	3	1
<sos>tiron	1	3
<sos>tirthatan	3	1
<sos>tungnath	3	1
<sos>tughlaq	1	1
<sos>tuglak	2	3
<sos>tughlakabad	1	1
<sos>tughlaqabad	1	1
<sos>tuglakabad	1	1
<sos>tugalaki	1	1
<sos>tugalki	1	3
<sos>tuglaki	1	3
<sos>tufail	3	3
<sos>tejaji	3	1
<sos>teji	3	3
<sos>tel	7	1
<sos>telon	3	3
<sos>to	5	3
<sos>toh	1	3
<sos>taul	3	3
<sos>tyohaar	1	1
<sos>tyohar	1	3
<sos>tyoihar	1	1
<sos>tyauharon	1	1
<sos>tyoharon	1	3
<sos>tyoiharon	1	1
<sos>trijata	2	1
<sos>trijta	1	1
<sos>triya	3	3
<sos>tremasik	1	1
<sos>trimasik	2	1
<sos>tse	3	1
<sos>thaki	2	3
<sos>thki	1	1
<sos>tharti	1	3
<sos>thirty	2	1
<sos>thane	3	3
<sos>thaanvi	1	1
<sos>thanvi	3	1
<sos>theateron	2	1
<sos>theatron	1	1
<sos>theaters	3	1
<sos>theater	2	1
<sos>theatre	1	1
<sos>theateron	1	1
<sos>theatron	1	1
<sos>thitron	1	3
<sos>theaters	1	1
<sos>theatrs	1	1
<sos>thiyeters	1	1
<sos>thirake	1	1
<sos>thirke	2	3
<sos>thief	3	1
<sos>then	3	1
<sos>theni	3	3
<sos>thailee	1	1
<sos>thaili	2	3
<sos>thaile	3	3
<sos>dang	3	3
<sos>danga	3	3
<sos>dangon	3	1
<sos>dampati	1	3
<sos>danpati	2	1
<sos>dampatiyon	1	3
<sos>dampattiyon	1	3
<sos>danptiyon	1	1
<sos>dadreva	2	3
<sos>dadrewa	1	1
<sos>damoh	3	3
<sos>dardara	1	3
<sos>dardraa	1	1
<sos>durdhara	1	3
<sos>darmiyaan	1	1
<sos>darmiyan	2	2
<sos>darjano	1	1
<sos>darjanon	2	3
<sos>darp	3	3
<sos>darra	3	3
<sos>dalbadal	2	3
<sos>dalbadl	1	1
<sos>dali	3	3
<sos>dastaanaa	1	1
<sos>dastana	2	1
<sos>dastavej	3	1
<sos>dahan	3	3
<sos>dahal	3	3
<sos>da	3	3
<sos>daakhil	1	1
<sos>dakhil	2	3
<sos>daakhile	1	1
<sos>dakhile	2	3
<sos>daataa	2	1
<sos>data	1	3
<sos>dadari	3	3
<sos>daanshil	1	1
<sos>danshil	2	1
<sos>daabholkar	1	1
<sos>dabholkar	3	3
<sos>damale	1	3
<sos>damle	2	1
<sos>dayitv	1	1
<sos>dayitva	1	1
<sos>dayitwa	1	1
<sos>dayitvon	2	1
<sos>dayityon	1	1
<sos>darul	3	3
<sos>daav	2	1
<sos>daaw	1	1
<sos>dav	1	3
<sos>daw	1	1
<sos>daah	2	1
<sos>dah	1	3
<sos>dikhla	2	1
<sos>dikhlaa	2	1
<sos>dikhaaiye	1	1
<sos>dikhaiye	3	1
<sos>dikhaai	2	1
<sos>dikhai	1	3
<sos>dikhayi	1	3
<sos>dikhaaee	1	1
<sos>dikhaai	1	1
<sos>dikhaain	1	1
<sos>dikhaee	1	1
<sos>dikhai	1	3
<sos>dikhayin	1	1
<sos>dikhai	1	3
<sos>dikhayi	2	3
<sos>dikhaai	1	1
<sos>dikhae	1	1
<sos>dikhai	1	3
<sos>dikhayi	1	3
<sos>dita	1	3
<sos>ditaa	2	1
<sos>dinaank	1	1
<sos>dinank	2	3
<sos>dirham	3	3
<sos>dilaaye	1	1
<sos>dilaye	3	1
<sos>deewani	1	1
<sos>diwani	3	1
<sos>divy	1	1
<sos>divya	2	3
<sos>divyata	3	3
<sos>divya	3	3
<sos>deepan	1	1
<sos>deepn	1	1
<sos>dipan	1	1
<sos>deepsingh	2	3
<sos>dipsingh	1	3
<sos>deepika	3	1
<sos>dipika	1	3
<sos>deeya	1	1
<sos>diya	3	3
<sos>dukaanon	2	1
<sos>dukanon	1	1
<sos>dukke	3	3
<sos>dukhan	3	3
<sos>dukhit	3	3
<sos>dukhiyon	3	3
<sos>dukhon	6	3
<sos>dubhashiyon	3	3
<sos>durgun	3	3
<sos>durghatna	2	3
<sos>durghtna	1	1
<sos>duneerti	1	1
<sos>durniti	2	3
<sos>durbhiksh	3	1
<sos>duvidhaaen	1	1
<sos>duvidhaayein	1	1
<sos>duvidhaen	2	1
<sos>duwaidhaayein	1	1
<sos>dune	3	3
<sos>doordarshan	2	1
<sos>durdarshan	1	1
<sos>dradh	2	1
<sos>dridh	1	1
<sos>dekhoge	3	3
<sos>denevaali	1	1
<sos>denevali	2	1
<sos>denewaali	1	1
<sos>denewali	2	1
<sos>deonar	1	1
<sos>devnaar	1	1
<sos>devnar	1	3
<sos>devaapur	1	1
<sos>devapur	2	1
<sos>devi	6	1
<sos>devisingh	2	1
<sos>devisinh	1	1
<sos>deshkaal	2	1
<sos>deshkal	1	3
<sos>deshke	3	3
<sos>desai	3	1
<sos>doge	3	3
<sos>dvadash	2	1
<sos>dwaadas	1	1
<sos>dvivedi	1	1
<sos>dwivedi	2	1
<sos>dhande	1	3
<sos>dhandhe	1	3
<sos>dhndhe	1	1
<sos>dhandhon	2	3
<sos>dhandon	1	3
<sos>dhakelte	2	3
<sos>dhkelate	1	1
<sos>dhatana	1	1
<sos>dhatna	2	2
<sos>dhankuber	3	3
<sos>dhanadhany	1	1
<sos>dhandhaanya	1	1
<sos>dhandhany	1	1
<sos>dhandhanya	3	3
<sos>dhamkaataa	1	1
<sos>dhamkata	2	1
<sos>dhamm	3	1
<sos>dhamma	2	3
<sos>dhammaa	1	1
<sos>dharmnath	3	3
<sos>dharmraj	3	1
<sos>dharmesh	3	3
<sos>dhasmaanaa	1	1
<sos>dhasmana	2	1
<sos>dhaak	2	1
<sos>dhak	1	3
<sos>dhaaga	1	1
<sos>dhaagaa	1	1
<sos>dhaga	1	3
<sos>dhaatuein	1	1
<sos>dhaatuyein	1	1
<sos>dhtuen	1	1
<sos>dhaarak	1	1
<sos>dharak	2	3
<sos>dhaari	1	1
<sos>dhari	2	3
<sos>dhuan	3	1
<sos>dhunaai	1	1
<sos>dhunai	2	3
<sos>dhuriya	2	3
<sos>dhuriyaa	1	1
<sos>dhuni	3	3
<sos>dhairyavaan	1	1
<sos>dhairyawan	1	1
<sos>dhiryavan	1	1
<sos>dhiryawaan	1	1
<sos>dhokebaaj	1	1
<sos>dhokebaaz	1	1
<sos>dhokebaj	1	1
<sos>dhokebaz	1	1
<sos>dhokhebaaj	1	1
<sos>dhokhebaj	1	1
<sos>dhona	2	3
<sos>dhonaa	1	1
<sos>dhoraaji	1	1
<sos>dhoraji	2	3
<sos>dhoron	3	3
<sos>dhyeyavaadi	1	1
<sos>dhyeywadi	1	1
<sos>dyeyvadi	1	1
<sos>dhrupad	2	1
<sos>drupad	1	1
<sos>nandanvan	3	1
<sos>nadsa	1	1
<sos>naksal	2	3
<sos>naxal	1	1
<sos>naksalavaad	1	1
<sos>naksalwaad	1	1
<sos>naksalwad	1	1
<sos>naxalvaaad	1	1
<sos>naxalwaad	1	1
<sos>naksaliyon	2	3
<sos>naxaliyon	1	1
<sos>naksali	2	3
<sos>naxali	1	1
<sos>nagaada	2	1
<sos>nagaadaa	1	1
<sos>nagaaraa	1	1
<sos>nageene	1	1
<sos>nagine	3	3
<sos>najarandaaj	2	1
<sos>najarandaaz	1	1
<sos>nazarandaaj	1	1
<sos>nazarandaaz	1	1
<sos>nazarandaz	1	1
<sos>najraane	2	1
<sos>nazraane	2	1
<sos>najariyon	2	3
<sos>najriyon	1	1
<sos>najron	3	1
<sos>najeeb	2	1
<sos>najib	2	1
<sos>najibabaad	1	1
<sos>najibabad	2	3
<sos>najeem	2	1
<sos>najim	1	1
<sos>nazeem	1	1
<sos>nana	1	3
<sos>nanaa	1	1
<sos>nna	1	1
<sos>nanhe	2	3
<sos>nanhein	1	1
<sos>nabj	1	1
<sos>nabja	1	3
<sos>nabz	1	1
<sos>namkeen	1	1
<sos>namkin	2	1
<sos>narnaari	2	1
<sos>narnari	1	3
<sos>narbhakshi	3	3
<sos>naram	2	3
<sos>narm	1	1
<sos>narmi	3	3
<sos>narsanhar	3	3
<sos>narsanharon	3	3
<sos>november	3	3
<sos>navketan	3	3
<sos>navjaagaran	1	1
<sos>navjagran	2	1
<sos>navdha	3	1
<sos>navvadhoo	1	1
<sos>navvadhu	2	3
<sos>nava	2	1
<sos>navaa	1	1
<sos>navate	3	1
<sos>navanagar	3	1
<sos>nawanagar	1	1
<sos>navya	4	3
<sos>naseem	1	1
<sos>nasim	2	1
<sos>nights	1	3
<sos>nitrous	2	1
<sos>nineteez	1	1
<sos>nineties	1	3
<sos>ninties	1	3
<sos>nau	2	3
<sos>nauu	1	3
<sos>naakaam	1	1
<sos>nakam	2	3
<sos>naagrik	1	1
<sos>nagarik	1	1
<sos>nagrik	1	1
<sos>nagin	3	1
<sos>nadep	3	3
<sos>nanak	3	3
<sos>nanavati	3	1
<sos>napane	2	1
<sos>napne	1	3
<sos>napa	3	3
<sos>naam	6	1
<sos>naamdhari	2	1
<sos>namdhari	1	2
<sos>namankano	1	1
<sos>namankanon	2	3
<sos>namavaliyon	3	3
<sos>naamo	2	1
<sos>namo	1	3
<sos>nayak	3	3
<sos>naraji	3	3
<sos>naraingarh	1	3
<sos>narayangadh	1	1
<sos>narayangarh	1	3
<sos>naasar	3	1
<sos>nahargadh	2	1
<sos>nahargarh	3	3
<sos>nikalegi	2	3
<sos>nikalogi	1	3
<sos>nikaalani	1	1
<sos>nikaalni	1	1
<sos>nikalani	1	1
<sos>nikalni	1	1
<sos>nicki	1	3
<sos>nicky	1	3
<sos>niki	2	3
<sos>niketan	3	3
<sos>nikhar	3	3
<sos>nikhari	3	1
<sos>nigar	2	3
<sos>nigger	1	3
<sos>nichala	1	1
<sos>nichalaa	1	1
<sos>nichla	1	1
<sos>nitiyon	3	3
<sos>nitya	2	3
<sos>nityaa	2	1
<sos>nidhaan	2	1
<sos>nidhan	2	3
<sos>nipatara	1	1
<sos>niptaara	2	1
<sos>niptaaraa	1	1
<sos>niptara	1	1
<sos>niyanta	2	3
<sos>niyantaa	1	1
<sos>niya	1	3
<sos>niyaa	2	1
<sos>nirdeshika	2	3
<sos>nirdeshikaa	1	1
<sos>nirdhaarit	1	1
<sos>nirdharit	2	3
<sos>nirbaadh	1	1
<sos>nirbadh	2	1
<sos>niveshakartaa	1	1
<sos>niveshkarta	1	1
<sos>niveshkartaa	1	1
<sos>nischal	1	3
<sos>nishchal	2	3
<sos>nishnaat	3	1
<sos>nishpaap	3	1
<sos>nihalaani	1	1
<sos>nihlaani	1	1
<sos>nihlani	1	1
<sos>nihaalchand	1	1
<sos>nihalchand	2	1
<sos>neechaaee	1	1
<sos>nichaai	2	1
<sos>neat	3	3
<sos>neet	1	1
<sos>neetiyon	1	1
<sos>nitiyon	2	3
<sos>neelagaay	1	1
<sos>nilgai	2	1
<sos>neelaabh	1	1
<sos>nilaabh	1	1
<sos>nilabh	1	1
<sos>nuskhe	6	3
<sos>noon	2	1
<sos>nun	1	1
<sos>noobiyaa	1	1
<sos>nubiya	2	2
<sos>nrityashaili	2	1
<sos>nrutyashaili	1	1
<sos>nrityon	2	1
<sos>nrutyon	1	1
<sos>neco	1	3
<sos>neko	2	3
<sos>nectar	3	3
<sos>neg	2	1
<sos>nega	1	3
<sos>networking	3	3
<sos>neto	3	3
<sos>neta	6	3
<sos>nemo	3	3
<sos>nelsan	1	1
<sos>nelson	2	1
<sos>nations	3	3
<sos>nehara	1	1
<sos>nehra	6	1
<sos>naino	1	1
<sos>nano	2	3
<sos>naivedh	1	3
<sos>naivegh	1	3
<sos>nevedya	1	1
<sos>nominate	3	3
<sos>naukari	1	3
<sos>naukri	1	1
<sos>nokari	2	1
<sos>nokri	1	1
<sos>notes	3	3
<sos>nora	3	3
<sos>nori	3	3
<sos>nauner	3	1
<sos>nauvahan	3	3
<sos>naushad	3	3
<sos>panchaang	1	1
<sos>panchang	4	3
<sos>punchang	1	1
<sos>punjab	6	1
<sos>punjabiyon	3	1
<sos>pantar	1	1
<sos>panter	1	1
<sos>punter	1	1
<sos>pakaayein	1	1
<sos>pakaayen	1	1
<sos>pakaen	1	1
<sos>pakayen	1	1
<sos>pakaude	3	1
<sos>pakshapat	1	3
<sos>pakshpaat	1	1
<sos>pakshpat	1	1
<sos>pagabadha	1	1
<sos>pagbadha	2	3
<sos>pagalaa	1	1
<sos>pagla	2	3
<sos>pachaataa	2	1
<sos>pachata	2	1
<sos>patakkar	3	1
<sos>patkathaayein	1	1
<sos>patkathaein	1	1
<sos>patkathayen	1	1
<sos>patki	3	3
<sos>pataraani	1	1
<sos>patrani	2	3
<sos>patavaari	1	1
<sos>patwari	2	1
<sos>pataakshep	1	1
<sos>patachep	1	1
<sos>patakshep	1	1
<sos>patiya	2	2
<sos>patiyaa	1	1
<sos>padaraunaa	1	1
<sos>padrauna	2	3
<sos>padega	1	3
<sos>padegaa	2	1
<sos>padha	2	3
<sos>padhaa	1	1
<sos>padhaataa	3	1
<sos>padhata	1	1
<sos>patili	3	3
<sos>padamawati	1	1
<sos>padmavati	1	2
<sos>padmawati	1	1
<sos>padadhikari	3	3
<sos>panapnaa	1	1
<sos>panpana	2	1
<sos>panaamaa	1	1
<sos>panama	2	1
<sos>paneer	3	1
<sos>pammi	1	1
<sos>pammu	1	3
<sos>pummi	1	3
<sos>pummy	1	1
<sos>pardesiyon	3	1
<sos>pardesi	3	1
<sos>parva	2	1
<sos>parvaa	1	1
<sos>parwa	1	1
<sos>parwaa	1	1
<sos>paraadheen	1	1
<sos>paraadhin	1	1
<sos>paradheen	1	1
<sos>paradhin	1	1
<sos>parikalpit	3	3
<sos>parimal	6	3
<sos>parishad	3	3
<sos>parishadiy	1	1
<sos>parishadiya	2	1
<sos>parishadon	3	3
<sos>parikhaen	1	1
<sos>parikshaayein	1	1
<sos>parikshaen	1	1
<sos>parosane	1	1
<sos>parosne	2	1
<sos>parda	2	1
<sos>pardaa	1	1
<sos>purple	3	1
<sos>palatne	1	1
<sos>paltane	2	1
<sos>palaari	1	1
<sos>palari	2	1
<sos>pale	6	3
<sos>palmonari	2	1
<sos>pulmonary	1	1
<sos>plus	1	3
<sos>pulse	2	1
<sos>pashtun	2	3
<sos>pashtuun	1	3
<sos>pahan	2	1
<sos>pehan	1	1
<sos>pahantaa	1	1
<sos>pahnata	1	1
<sos>pehnate	1	1
<sos>pahanate	1	1
<sos>pahante	1	1
<sos>pehnate	1	1
<sos>pahnaakar	1	1
<sos>pahnakar	1	1
<sos>pehnakar	1	1
<sos>pahnaati	1	1
<sos>pahnati	1	1
<sos>pehnati	1	1
<sos>pahani	1	1
<sos>pahni	1	1
<sos>pehni	1	1
<sos>pahno	2	1
<sos>pehno	1	1
<sos>pahla	1	1
<sos>pahlaa	1	1
<sos>pehla	1	1
<sos>paheliyaan	1	1
<sos>paheliyan	2	1
<sos>paheliyon	3	1
<sos>pide	1	1
<sos>pied	2	1
<sos>pythagoras	2	1
<sos>pythogaras	1	1
<sos>paakhandi	1	1
<sos>pakhandi	2	1
<sos>paathshaalaayein	1	1
<sos>pathshalayein	1	1
<sos>pathshalayen	1	1
<sos>paathyakram	1	1
<sos>pathyakram	1	1
<sos>pathykram	1	1
<sos>paathyakramon	1	1
<sos>pathyakramon	1	1
<sos>pathykramon	1	1
<sos>population	3	3
<sos>pailot	1	1
<sos>pilot	2	3
<sos>pailoton	1	1
<sos>piloton	2	3
<sos>paarampariktaa	1	1
<sos>paramparikata	1	1
<sos>paramparikta	1	1
<sos>parnel	2	3
<sos>parnell	1	1
<sos>parleron	1	1
<sos>parloron	1	1
<sos>parlouron	1	1
<sos>paarshad	2	1
<sos>parshad	5	1
<sos>paarshadon	1	1
<sos>parshadon	1	2
<sos>parshdon	1	1
<sos>policy	3	3
<sos>pinta	2	1
<sos>pintaa	1	1
<sos>piega	2	1
<sos>piyegaa	1	1
<sos>pic	2	3
<sos>pick	4	1
<sos>pik	1	1
<sos>piki	2	3
<sos>piky	1	1
<sos>picture	6	3
<sos>pigmentation	3	1
<sos>pigs	3	1
<sos>pichde	1	1
<sos>pichhade	2	1
<sos>pijja	1	1
<sos>pizza	2	1
<sos>pitaamaha	1	1
<sos>pitamah	2	1
<sos>pipra	2	1
<sos>pipraa	1	1
<sos>pipli	3	1
<sos>pearson	3	1
<sos>pierson	1	1
<sos>peary	2	1
<sos>piyari	2	3
<sos>pisaai	2	1
<sos>pisai	2	1
<sos>pihaani	1	1
<sos>pihani	2	1
<sos>pib	3	3
<sos>pr	3	3
<sos>pml	3	3
<sos>pmo	3	1
<sos>pmch	3	1
<sos>psv	3	3
<sos>peaking	1	1
<sos>picking	2	3
<sos>peetne	1	1
<sos>pitne	2	1
<sos>pedia	1	1
<sos>pidiya	1	1
<sos>pidiyaa	1	1
<sos>peelepan	1	1
<sos>pilepan	2	3
<sos>pv	3	3
<sos>pisa	3	2
<sos>putla	2	1
<sos>putlaa	1	1
<sos>putaliyaan	1	1
<sos>putliyan	2	1
<sos>putaliyon	1	3
<sos>putliyon	2	1
<sos>putali	1	3
<sos>putli	2	3
<sos>putale	2	3
<sos>putle	4	1
<sos>putin	3	3
<sos>putul	3	3
<sos>punargathan	3	3
<sos>puna	3	1
<sos>puraane	1	1
<sos>purane	3	3
<sos>puru	3	3
<sos>purjon	2	3
<sos>purzon	1	3
<sos>pulam	3	3
<sos>pushkin	3	3
<sos>pushkarana	1	1
<sos>pushkarna	1	1
<sos>pushkarnaa	1	1
<sos>pushp	2	1
<sos>pushpa	1	1
<sos>pushpa	2	1
<sos>pushpaa	1	1
<sos>pushpit	3	3
<sos>pushpon	3	3
<sos>poonjikaran	1	1
<sos>punjikaran	3	3
<sos>poojaapaath	2	1
<sos>poojapath	1	1
<sos>pujapath	4	1
<sos>pooranpur	1	1
<sos>puranpur	2	3
<sos>purvaabhaas	1	1
<sos>purvaabhas	1	1
<sos>purvabhaas	1	1
<sos>purvabhas	3	3
<sos>pendulam	1	3
<sos>pendulum	2	3
<sos>peg	3	1
<sos>pages	2	3
<sos>pajej	1	1
<sos>pace	2	3
<sos>pes	1	1
<sos>pastry	3	1
<sos>pangolin	2	1
<sos>pengolin	1	1
<sos>packard	3	1
<sos>package	4	1
<sos>packageon	1	1
<sos>packagon	1	1
<sos>packajon	1	1
<sos>paim	1	1
<sos>pam	2	1
<sos>paratrooper	2	1
<sos>peratrupers	1	1
<sos>paranormal	2	1
<sos>peranormal	1	1
<sos>paraffin	1	1
<sos>parafin	1	1
<sos>perafin	1	1
<sos>parabola	2	1
<sos>perabola	1	1
<sos>polimer	1	3
<sos>polymer	2	1
<sos>polishing	3	3
<sos>pokar	1	1
<sos>poker	2	3
<sos>polish	3	3
<sos>poshit	3	3
<sos>posta	3	3
<sos>pau	3	1
<sos>pyade	3	3
<sos>prakriya	3	1
<sos>prakshepak	3	1
<sos>pratigya	2	3
<sos>prtigyaa	1	1
<sos>pratibhutiyan	3	1
<sos>pratiyon	3	3
<sos>prativaad	1	1
<sos>prativad	2	3
<sos>prativadi	3	3
<sos>pratishat	5	3
<sos>praneet	1	1
<sos>pranit	2	3
<sos>prapaat	1	1
<sos>prapat	2	3
<sos>prapaaton	1	1
<sos>prapaton	2	3
<sos>prabodhini	3	3
<sos>prayaasrat	1	1
<sos>prayasarat	2	1
<sos>pradarshan	2	1
<sos>prardashan	1	1
<sos>pravati	1	3
<sos>pravatti	2	3
<sos>prashaasanik	1	1
<sos>prashasanik	1	1
<sos>prashasnik	2	1
<sos>prashaasanon	1	1
<sos>prashansanon	1	1
<sos>prashasanon	1	1
<sos>prashikshu	3	3
<sos>prastaavon	2	1
<sos>prastavon	1	1
<sos>prahlaad	1	1
<sos>prahlad	2	1
<sos>prahasan	2	1
<sos>prahsan	1	1
<sos>prahaarak	1	1
<sos>praharak	2	3
<sos>prahad	1	1
<sos>prahlad	2	1
<sos>privacy	3	3
<sos>praakkathan	1	1
<sos>prakkathan	2	3
<sos>praan	1	1
<sos>pran	6	3
<sos>pranon	3	3
<sos>prathamik	1	3
<sos>prathmik	2	1
<sos>praathmikata	1	1
<sos>prathmikta	2	1
<sos>prathmiki	3	1
<sos>pradhyapakon	3	1
<sos>prapt	2	1
<sos>prapta	1	1
<sos>prapti	3	3
<sos>praroop	1	1
<sos>prarup	2	3
<sos>priyamani	3	3
<sos>proof	2	1
<sos>pruf	1	1
<sos>prekshakon	3	1
<sos>prem	9	3
<sos>premlata	3	1
<sos>prema	3	3
<sos>premi	3	3
<sos>profit	3	3
<sos>processing	3	3
<sos>programers	1	3
<sos>programmers	1	1
<sos>programs	1	3
<sos>proto	6	3
<sos>propellant	2	3
<sos>propellent	1	3
<sos>praudh	2	1
<sos>proud	1	3
<sos>plan	1	3
<sos>plane	2	1
<sos>fund	3	3
<sos>funda	3	3
<sos>funding	3	3
<sos>fandon	3	1
<sos>fagua	3	1
<sos>fatane	2	1
<sos>phatane	1	1
<sos>phatne	1	1
<sos>fadfadata	2	1
<sos>phadphadata	1	1
<sos>fatehgadh	1	1
<sos>fatehgarh	2	3
<sos>fabti	2	3
<sos>phabti	1	1
<sos>farse	1	1
<sos>pharase	1	1
<sos>pharse	2	1
<sos>farheen	3	1
<sos>farhin	1	3
<sos>farth	1	3
<sos>ferth	1	1
<sos>pharth	1	1
<sos>farmion	1	3
<sos>fermion	1	3
<sos>firmian	1	1
<sos>farookhabad	1	1
<sos>farrukhabad	1	3
<sos>farukhabad	1	3
<sos>farookhnagar	1	1
<sos>farrukhnagar	1	3
<sos>farukhnagar	1	3
<sos>falata	1	1
<sos>falta	2	3
<sos>phalata	1	1
<sos>falne	3	2
<sos>phalne	1	1
<sos>falitarth	2	3
<sos>phalitartha	1	1
<sos>falibhoot	1	1
<sos>falibhut	1	3
<sos>phalibhoot	1	1
<sos>favvara	2	3
<sos>fawaara	1	1
<sos>favvare	2	1
<sos>fawaare	1	1
<sos>favvaron	2	2
<sos>fawaaron	1	1
<sos>faisala	1	1
<sos>faisla	2	1
<sos>follow	3	1
<sos>faansi	1	1
<sos>fansi	2	1
<sos>fatama	1	1
<sos>fatma	2	3
<sos>faaf	2	1
<sos>phaaph	1	1
<sos>farsi	2	1
<sos>forcee	1	1
<sos>farm	4	3
<sos>form	2	3
<sos>farmic	1	1
<sos>formic	2	1
<sos>formulae	1	1
<sos>formule	1	3
<sos>formuley	1	1
<sos>pharmacy	3	1
<sos>pharma	1	1
<sos>pharmon	2	1
<sos>farms	3	1
<sos>finger	3	3
<sos>fikra	3	1
<sos>physician	3	1
<sos>firti	3	3
<sos>fisla	2	3
<sos>fislaa	1	1
<sos>feeder	3	1
<sos>fulaaye	1	1
<sos>fulae	1	1
<sos>fulay	1	3
<sos>furti	3	3
<sos>phurti	1	1
<sos>fus	1	1
<sos>phoos	1	1
<sos>phus	2	1
<sos>feka	3	3
<sos>fefada	2	1
<sos>fefda	1	3
<sos>facial	3	3
<sos>fact	3	3
<sos>federal	3	3
<sos>failkar	3	3
<sos>failaaiye	1	1
<sos>failaea	1	1
<sos>failaiya	1	1
<sos>failaiye	1	1
<sos>failegi	3	3
<sos>font	3	3
<sos>fogat	1	3
<sos>phogat	2	3
<sos>fod	3	3
<sos>phod	1	3
<sos>foda	2	3
<sos>fodaa	1	1
<sos>phoda	1	1
<sos>fode	3	3
<sos>phode	1	1
<sos>fodo	1	3
<sos>fodon	2	3
<sos>phodo	1	1
<sos>fortis	3	1
<sos>fusion	3	3
<sos>fuji	2	2
<sos>fyuji	1	1
<sos>francisca	1	1
<sos>franciska	2	1
<sos>fransiska	1	1
<sos>francisco	2	1
<sos>francisko	1	1
<sos>fransisko	1	1
<sos>fringe	3	1
<sos>friendship	3	3
<sos>frost	3	3
<sos>flin	2	1
<sos>flynn	1	1
<sos>flesh	3	1
<sos>bang	2	3
<sos>bung	3	3
<sos>bangbandhu	3	1
<sos>bangbhang	3	3
<sos>bangash	2	3
<sos>bangsh	1	1
<sos>bantane	1	1
<sos>bantne	2	1
<sos>bandhati	2	3
<sos>bandhti	1	1
<sos>bandhan	3	3
<sos>bandhuon	3	1
<sos>bamba	2	3
<sos>mumba	1	3
<sos>bakaayon	1	1
<sos>bakayon	2	3
<sos>bakaul	2	3
<sos>bakoul	1	1
<sos>baksa	3	3
<sos>baksi	3	3
<sos>bakse	3	3
<sos>bakhshane	2	3
<sos>bakhshne	1	1
<sos>bagad	2	3
<sos>bagd	1	1
<sos>bageechi	1	1
<sos>bagichi	2	3
<sos>bachat	3	3
<sos>bachati	1	3
<sos>bachti	2	1
<sos>bajana	3	1
<sos>bajrangi	3	3
<sos>bajaj	3	3
<sos>batalvi	3	1
<sos>badhachadhakar	3	3
<sos>badata	1	1
<sos>badhaataa	1	1
<sos>badhata	2	3
<sos>badhaati	1	1
<sos>badhati	3	3
<sos>badhayi	3	3
<sos>badhav	3	3
<sos>badhotari	3	1
<sos>badhotri	1	3
<sos>batlaae	1	1
<sos>batlaaye	1	1
<sos>batlae	1	1
<sos>batlaye	1	1
<sos>batlaakar	1	1
<sos>batlakar	3	1
<sos>badlapur	3	1
<sos>badali	3	3
<sos>badli	1	1
<sos>badam	3	3
<sos>banva	2	1
<sos>banvaa	1	1
<sos>banaam	1	1
<sos>banam	1	3
<sos>bnaam	1	1
<sos>baniya	3	3
<sos>banu	3	3
<sos>barpaayaa	1	1
<sos>barpaya	2	1
<sos>barsa	3	1
<sos>barsaata	1	1
<sos>barsaataa	1	1
<sos>barsata	2	3
<sos>barhad	3	3
<sos>baraat	1	1
<sos>barat	1	3
<sos>braat	1	1
<sos>baraamad	2	1
<sos>baramad	2	1
<sos>bramad	1	1
<sos>baramade	2	1
<sos>baramde	1	1
<sos>bare	3	3
<sos>birth	6	3
<sos>baljeet	3	1
<sos>baljit	1	1
<sos>ballabh	3	3
<sos>balla	3	3
<sos>balli	3	3
<sos>basava	3	1
<sos>bastiyon	3	3
<sos>bahroopiya	1	1
<sos>bahrupiya	2	1
<sos>bahamaas	1	1
<sos>bahamas	2	1
<sos>bahaav	1	1
<sos>bahav	1	3
<sos>bhav	1	3
<sos>bahavalpur	2	1
<sos>bahawalpur	1	1
<sos>bahuchara	3	3
<sos>banthia	1	1
<sos>banthiya	2	3
<sos>bandhate	2	3
<sos>bandhte	1	1
<sos>banbi	2	1
<sos>bombi	1	1
<sos>bounceron	3	1
<sos>bowling	3	1
<sos>baku	2	3
<sos>bakuu	1	1
<sos>baag	4	1
<sos>bag	2	3
<sos>bagh	1	2
<sos>bagabani	1	1
<sos>bagbani	2	1
<sos>bagali	1	1
<sos>bagli	2	1
<sos>baagiyon	1	1
<sos>bagiyon	3	3
<sos>baago	1	1
<sos>bago	2	3
<sos>baji	1	3
<sos>bazi	2	1
<sos>bajaru	2	1
<sos>bazaru	1	1
<sos>bajuon	3	1
<sos>badh	3	3
<sos>badha	3	3
<sos>baadhaaon	1	1
<sos>baadhaon	1	1
<sos>badhaaon	1	1
<sos>badhaon	2	3
<sos>baadhit	1	1
<sos>badhit	3	3
<sos>baani	2	1
<sos>bani	3	3
<sos>baapa	1	1
<sos>baapaa	1	1
<sos>bapa	3	3
<sos>bapaa	1	1
<sos>baabat	1	1
<sos>babat	1	3
<sos>babt	1	3
<sos>bayern	2	1
<sos>byrun	1	1
<sos>barah	4	3
<sos>baarahamaasee	1	1
<sos>barahamasi	1	1
<sos>barahmasi	2	1
<sos>barahsinga	2	1
<sos>barasingha	1	1
<sos>bala	3	3
<sos>baalti	1	1
<sos>balti	1	1
<sos>balty	1	1
<sos>baldvin	2	1
<sos>baldwin	1	1
<sos>bavaji	1	1
<sos>bavji	2	1
<sos>baawaraa	1	1
<sos>bavra	1	1
<sos>bawara	1	1
<sos>baahulya	1	1
<sos>bahuly	1	1
<sos>bahulya	1	1
<sos>box	3	3
<sos>bikherati	2	3
<sos>bikherti	1	1
<sos>biggest	3	3
<sos>bichhua	1	1
<sos>bichhuaa	2	1
<sos>biji	1	3
<sos>busy	1	1
<sos>buzy	1	1
<sos>bipin	3	1
<sos>bilae	1	1
<sos>bilai	2	3
<sos>billa	2	3
<sos>billaa	1	1
<sos>bilhaur	3	1
<sos>bisva	1	1
<sos>biswa	2	1
<sos>bag	3	3
<sos>bikaner	4	3
<sos>bikaneri	3	3
<sos>bk	3	3
<sos>beejak	1	1
<sos>bijak	2	3
<sos>beef	3	1
<sos>beem	1	1
<sos>bim	2	3
<sos>beemon	1	1
<sos>bimon	2	3
<sos>beerganj	1	1
<sos>birganj	2	3
<sos>beesavaan	1	1
<sos>bisavan	1	1
<sos>bisawan	1	1
<sos>beast	3	1
<sos>budvig	1	1
<sos>budwig	2	1
<sos>bull	3	3
<sos>bulaao	1	1
<sos>bulao	3	3
<sos>bule	3	3
<sos>bulletin	3	3
<sos>brijesh	4	3
<sos>benvar	1	1
<sos>benwar	2	1
<sos>beaulad	3	1
<sos>bekaaboo	1	1
<sos>bekabu	2	3
<sos>bechakar	2	3
<sos>bechkar	2	3
<sos>bechate	2	1
<sos>bechte	1	1
<sos>bediyan	3	1
<sos>bethanal	1	3
<sos>bethnal	2	3
<sos>benis	3	3
<sos>belacha	2	3
<sos>belcha	1	3
<sos>belinda	3	3
<sos>bevkufana	2	1
<sos>bewakoofaanaa	1	1
<sos>bewkufana	1	1
<sos>besahaaraa	1	1
<sos>besahara	2	1
<sos>basin	2	1
<sos>besin	1	1
<sos>basil	2	3
<sos>besil	1	1
<sos>bandage	2	3
<sos>bandej	1	3
<sos>baithantey	1	1
<sos>baithate	2	1
<sos>baitool	1	1
<sos>baitul	1	1
<sos>betul	1	3
<sos>baini	2	1
<sos>beni	1	3
<sos>bairakpur	1	1
<sos>barrackpore	2	1
<sos>baila	2	3
<sos>bella	1	3
<sos>ballistic	3	1
<sos>bells	3	1
<sos>bostan	1	3
<sos>bosten	1	3
<sos>boston	1	3
<sos>bokaro	3	1
<sos>bodara	1	3
<sos>bodra	2	3
<sos>bodraa	1	1
<sos>bona	3	3
<sos>borkar	3	3
<sos>borivali	2	3
<sos>boriwali	1	1
<sos>born	3	1
<sos>bolane	3	3
<sos>boliae	1	1
<sos>boliy	1	1
<sos>boliye	1	1
<sos>bosaan	1	1
<sos>bosan	2	3
<sos>bauni	2	3
<sos>bouni	2	1
<sos>byaawa	1	1
<sos>byavar	2	1
<sos>brajesh	1	3
<sos>brijesh	2	3
<sos>brahmalin	1	1
<sos>brahmleen	1	1
<sos>brahmlin	1	1
<sos>bravo	3	1
<sos>brigatn	1	1
<sos>brighton	1	1
<sos>brigton	1	1
<sos>brigadier	3	1
<sos>britain	3	1
<sos>breed	3	1
<sos>brock	1	1
<sos>brok	1	3
<sos>broke	2	3
<sos>brocken	1	1
<sos>broken	2	1
<sos>blosam	1	1
<sos>blossom	2	1
<sos>bhagaane	1	1
<sos>bhagane	3	1
<sos>bhadakaaya	1	1
<sos>bhadakaya	1	1
<sos>bhadkaayaa	1	1
<sos>bhadkaya	2	3
<sos>bharakaaya	1	1
<sos>bharakaya	1	1
<sos>bhabhoot	1	1
<sos>bhabhut	2	3
<sos>bhay	2	3
<sos>bhaya	1	3
<sos>bhayo	3	3
<sos>bharatanatyam	1	1
<sos>bharatnatyam	1	3
<sos>bhartnatyam	1	1
<sos>bharate	1	1
<sos>bharte	2	1
<sos>bharani	2	1
<sos>bharni	1	1
<sos>bharane	2	1
<sos>bharne	1	1
<sos>bhara	3	3
<sos>bhavishya	3	3
<sos>bhaate	3	1
<sos>bhate	2	3
<sos>bhanu	3	3
<sos>bhabar	3	3
<sos>bhareeye	1	1
<sos>bhariy	2	1
<sos>bhavanaon	1	1
<sos>bhavnaon	2	3
<sos>bhaskar	3	3
<sos>bheed	3	1
<sos>bheera	1	1
<sos>bhira	2	3
<sos>bheesham	1	1
<sos>bhisham	1	3
<sos>bhishm	1	3
<sos>bhugat	3	3
<sos>bhugata	1	1
<sos>bhugta	2	1
<sos>bhutto	3	3
<sos>bhumi	3	3
<sos>bhurbhura	3	3
<sos>bhookh	2	1
<sos>bhukh	1	3
<sos>bhookhi	1	1
<sos>bhukhi	2	3
<sos>bhoogol	1	1
<sos>bhugol	5	3
<sos>bhootal	1	1
<sos>bhutal	2	3
<sos>bhoopsingh	1	1
<sos>bhupsingh	2	3
<sos>bhumi	3	3
<sos>bhumika	1	3
<sos>bhulata	1	3
<sos>bhulataa	1	1
<sos>bhulta	2	3
<sos>bhula	3	3
<sos>bhulaa	1	1
<sos>bhooli	1	1
<sos>bhuli	3	3
<sos>bhulo	3	3
<sos>bhulon	3	3
<sos>bhusi	3	3
<sos>bhooswaami	1	1
<sos>bhusvami	1	1
<sos>bhuswami	4	1
<sos>bhengapan	3	1
<sos>bhairavnath	3	3
<sos>bhairo	8	1
<sos>bhogatey	1	1
<sos>bhogte	2	1
<sos>bhola	4	3
<sos>bholi	5	3
<sos>bholu	3	3
<sos>bhaunho	1	1
<sos>bhaunhon	1	1
<sos>bhoonhon	1	1
<sos>bhraant	1	1
<sos>bhrant	1	1
<sos>brant	1	1
<sos>bhraanti	1	1
<sos>bhranti	1	1
<sos>branti	1	1
<sos>bhraantiyan	1	1
<sos>bhrantiyan	2	1
<sos>bhraantiyon	1	1
<sos>bhrantiyon	2	1
<sos>mangesh	3	3
<sos>manch	3	1
<sos>manchit	3	1
<sos>mancheeye	1	1
<sos>manchiy	1	1
<sos>manchiya	1	2
<sos>manchon	3	1
<sos>manjil	2	3
<sos>manzil	1	1
<sos>manjila	2	3
<sos>manzila	1	1
<sos>manjilein	1	1
<sos>manjilen	1	3
<sos>manzilein	1	1
<sos>manto	3	3
<sos>mantriyon	3	1
<sos>makrani	3	2
<sos>maksad	3	1
<sos>makhdumpur	3	1
<sos>machaaye	1	1
<sos>machae	2	1
<sos>machaye	1	1
<sos>machaanon	1	1
<sos>machanno	1	1
<sos>machano	1	1
<sos>machanon	2	1
<sos>madaura	1	3
<sos>madhuara	1	1
<sos>madhura	1	3
<sos>manipal	3	3
<sos>matpatron	3	1
<sos>matthe	3	3
<sos>matsyavatar	2	1
<sos>matsyavtar	1	1
<sos>masyendranath	1	1
<sos>matsyendranath	2	1
<sos>madhupur	3	3
<sos>manmarji	6	2
<sos>manae	1	1
<sos>manaye	1	1
<sos>mnaey	1	1
<sos>mam	1	1
<sos>mum	2	3
<sos>maryokar	1	3
<sos>mayorka	1	3
<sos>mayorkaa	1	1
<sos>mardaani	1	1
<sos>mardani	2	3
<sos>marmar	2	1
<sos>murmur	1	1
<sos>maratha	3	3
<sos>marathi	3	3
<sos>marji	3	3
<sos>mardanagi	1	2
<sos>mardangi	2	3
<sos>mardo	1	1
<sos>mardon	2	1
<sos>maryaadaa	1	1
<sos>maryada	2	2
<sos>maryaadaaon	1	1
<sos>maryadaon	2	2
<sos>malaga	3	3
<sos>malaar	1	1
<sos>malar	2	3
<sos>mashrak	3	3
<sos>masaaledaar	1	1
<sos>masaledaar	1	1
<sos>masaledar	3	1
<sos>masoor	2	1
<sos>masur	2	3
<sos>masse	3	1
<sos>mahakane	1	1
<sos>mahakne	1	1
<sos>mahkane	1	2
<sos>mehkane	1	1
<sos>mahalon	2	2
<sos>mahlon	1	1
<sos>mahagranth	2	1
<sos>mhagranth	1	1
<sos>mahajan	2	3
<sos>mhajan	1	1
<sos>mahathir	2	2
<sos>mhathir	1	1
<sos>mahanatam	1	3
<sos>mahantam	1	3
<sos>mhantam	1	1
<sos>mahanideshak	1	3
<sos>mahanirdeshak	1	1
<sos>mhanideshak	1	1
<sos>mahapauron	2	2
<sos>mhapauron	1	1
<sos>mahapran	2	1
<sos>mhapran	1	1
<sos>mahamantr	1	1
<sos>mahamantra	1	2
<sos>mhamantra	1	1
<sos>maharaja	6	3
<sos>mahavigyan	2	1
<sos>mhavidyan	1	1
<sos>mahavidya	2	1
<sos>mhavidya	1	1
<sos>mahavishnu	3	1
<sos>mahasingh	2	3
<sos>mahasinh	1	2
<sos>mahipal	3	3
<sos>mahin	3	3
<sos>mahinon	4	3
<sos>maang	1	1
<sos>mang	2	3
<sos>mangani	1	1
<sos>mangni	2	1
<sos>maanga	1	1
<sos>manga	2	3
<sos>maangi	1	1
<sos>mangi	3	3
<sos>maange	1	1
<sos>mange	2	3
<sos>mango	3	1
<sos>maori	3	1
<sos>maajin	1	1
<sos>majin	2	1
<sos>mathe	2	3
<sos>mathey	1	1
<sos>maap	3	1
<sos>map	3	3
<sos>mop	1	1
<sos>mamooli	1	1
<sos>mamuli	2	3
<sos>mame	3	3
<sos>maarvaad	1	1
<sos>marvad	1	1
<sos>marwar	1	1
<sos>maariya	1	1
<sos>mariya	4	2
<sos>maariyo	1	1
<sos>mario	1	1
<sos>mariyo	2	3
<sos>martha	3	1
<sos>maalish	1	1
<sos>malish	2	3
<sos>mave	2	3
<sos>mavey	1	1
<sos>maas	2	1
<sos>mas	1	1
<sos>mass	1	1
<sos>maason	1	1
<sos>mason	2	3
<sos>mitaao	1	1
<sos>mitao	2	3
<sos>mithaai	3	1
<sos>mithai	1	3
<sos>media	3	1
<sos>mithila	3	1
<sos>mithilanchal	3	3
<sos>mithya	3	1
<sos>mimicry	3	1
<sos>milkiyat	3	3
<sos>misha	3	3
<sos>mungeri	3	1
<sos>mundva	1	1
<sos>mundwa	2	1
<sos>munshiganj	3	1
<sos>mukarte	2	1
<sos>mukartey	1	1
<sos>mukhopadhyaya	2	1
<sos>mukhyopadhyaay	1	1
<sos>mukhyamantri	6	1
<sos>munaf	3	3
<sos>munafa	3	1
<sos>munnu	3	1
<sos>mufalisi	1	1
<sos>muflisi	2	1
<sos>mubarakpur	2	1
<sos>mubarkpur	1	1
<sos>murjha	3	1
<sos>multae	1	1
<sos>multai	2	3
<sos>mushahid	3	1
<sos>muhavare	2	1
<sos>muhavre	1	1
<sos>mooth	2	1
<sos>muth	2	3
<sos>mood	3	1
<sos>mud	1	1
<sos>moodi	1	1
<sos>moody	2	1
<sos>mool	5	1
<sos>mul	1	1
<sos>moolchand	3	1
<sos>mulchand	1	3
<sos>moolar	1	1
<sos>mular	1	3
<sos>muller	1	3
<sos>moolon	1	1
<sos>mulon	2	3
<sos>maxico	1	1
<sos>mexico	2	3
<sos>mega	6	3
<sos>megapixal	1	1
<sos>megapixel	10	3
<sos>mejbaan	2	1
<sos>mejban	1	1
<sos>mezbaan	1	1
<sos>mejabani	1	1
<sos>mejbaani	1	1
<sos>mejbani	1	1
<sos>mezabani	1	1
<sos>mejbaan	1	1
<sos>mejban	1	1
<sos>mezbaan	1	1
<sos>mejbaani	1	1
<sos>mejbani	1	1
<sos>mezbaani	1	1
<sos>mate	3	3
<sos>met	1	1
<sos>mates	3	1
<sos>medical	3	3
<sos>methanol	3	3
<sos>menu	3	3
<sos>mem	3	1
<sos>melaghaat	1	1
<sos>melghat	2	3
<sos>melaanin	1	1
<sos>melanin	2	1
<sos>melaani	1	1
<sos>melani	2	3
<sos>maheman	1	3
<sos>mehamaan	1	1
<sos>mehaman	1	1
<sos>mehmaan	2	1
<sos>mehman	2	1
<sos>meharaam	1	1
<sos>mehram	2	1
<sos>macbook	3	1
<sos>matix	1	3
<sos>matrix	2	3
<sos>mad	1	1
<sos>made	2	2
<sos>maid	1	1
<sos>maddy	1	1
<sos>maidi	2	1
<sos>main	1	1
<sos>man	2	1
<sos>men	1	1
<sos>mainan	1	1
<sos>menon	2	1
<sos>manner	3	3
<sos>maina	3	3
<sos>maine	3	3
<sos>marrej	1	1
<sos>marriage	1	1
<sos>merraige	1	1
<sos>maisachusets	1	1
<sos>massachusetts	2	3
<sos>maisor	1	1
<sos>maisore	1	1
<sos>mysore	1	1
<sos>mod	2	3
<sos>mode	1	3
<sos>modern	3	1
<sos>module	3	3
<sos>modules	2	3
<sos>modyuls	1	1
<sos>mauritious	1	1
<sos>mauritius	2	1
<sos>mogali	1	3
<sos>mowgli	2	1
<sos>motive	4	3
<sos>mol	3	1
<sos>mold	3	1
<sos>moshe	3	3
<sos>mosad	3	3
<sos>mohana	3	1
<sos>mohani	3	3
<sos>mohini	3	3
<sos>mohim	3	3
<sos>maukon	3	1
<sos>mauma	3	3
<sos>maurya	2	1
<sos>morya	1	3
<sos>maurya	1	1
<sos>mauryon	1	1
<sos>moryon	1	3
<sos>maulaviyon	1	3
<sos>maulvidon	1	1
<sos>maulviyon	1	1
<sos>maule	2	3
<sos>mauley	1	1
<sos>mausa	3	3
<sos>yatn	2	1
<sos>yatna	1	3
<sos>yada	2	3
<sos>yda	1	1
<sos>yaduvansh	2	3
<sos>yaduwansh	1	3
<sos>jerusalem	1	3
<sos>yarooshaleim	1	1
<sos>yarushalem	1	3
<sos>yashpaal	1	1
<sos>yashpal	2	3
<sos>yaatna	1	1
<sos>yatna	2	3
<sos>yaatanaon	1	1
<sos>yatnaon	2	3
<sos>yarayan	1	3
<sos>yatraein	1	1
<sos>yatraen	1	1
<sos>yaariyan	2	1
<sos>yariyan	1	3
<sos>yaari	2	1
<sos>yari	1	3
<sos>yugam	2	3
<sos>yugm	1	1
<sos>yuddhrat	1	1
<sos>yudhrat	2	1
<sos>ukrainian	2	1
<sos>ukranian	1	1
<sos>jerusalem	3	3
<sos>yorker	3	3
<sos>yojanaein	1	1
<sos>yojanaen	1	1
<sos>yojanaye	1	1
<sos>rangate	2	1
<sos>rangte	1	1
<sos>rangkata	1	3
<sos>ranjkatha	1	3
<sos>ranjkta	1	1
<sos>raees	2	1
<sos>rais	1	1
<sos>raktaabh	1	1
<sos>raktabh	2	1
<sos>rakhna	3	2
<sos>raghupati	3	3
<sos>raghuram	3	3
<sos>registerd	1	3
<sos>registered	2	3
<sos>ratanpur	3	1
<sos>runners	3	1
<sos>rayan	1	1
<sos>ryan	2	1
<sos>ralhan	3	3
<sos>ravish	3	3
<sos>ravael	1	1
<sos>ravel	2	1
<sos>rawail	1	1
<sos>rasad	3	2
<sos>rasaayanik	1	1
<sos>rasaayanika	1	1
<sos>rasayanika	1	1
<sos>rasyanik	1	1
<sos>rasaayanon	2	1
<sos>rasayanon	2	1
<sos>rahamat	1	1
<sos>rahmat	1	1
<sos>rhamat	1	1
<sos>rahenge	3	3
<sos>rahegi	3	3
<sos>rounder	3	3
<sos>raak	1	1
<sos>rak	2	1
<sos>raakhe	1	1
<sos>rakhe	2	3
<sos>raagon	2	1
<sos>ragon	2	3
<sos>raghavan	3	3
<sos>raaj	2	1
<sos>raj	7	3
<sos>rajkot	3	3
<sos>rajtantra	3	2
<sos>raajneetikaran	1	1
<sos>rajneetikaran	1	1
<sos>rajnitikaran	1	1
<sos>rajma	2	3
<sos>rajman	1	3
<sos>raajasva	1	1
<sos>rajasva	2	1
<sos>raaji	1	1
<sos>raji	3	3
<sos>rajinaama	1	1
<sos>rajinama	3	1
<sos>raajon	1	1
<sos>rajon	2	1
<sos>rana	3	3
<sos>raatrichar	1	1
<sos>ratrichar	3	3
<sos>raadhe	1	1
<sos>radhe	3	3
<sos>ranapur	3	1
<sos>rabin	2	3
<sos>robin	1	3
<sos>rabha	3	3
<sos>ramkot	3	3
<sos>ramkote	1	3
<sos>ramtek	3	1
<sos>rampur	3	3
<sos>rambharose	2	3
<sos>rambharosey	1	1
<sos>ramraj	3	3
<sos>raalod	1	1
<sos>ralaud	1	1
<sos>ralod	1	3
<sos>ravaley	1	1
<sos>ravle	2	1
<sos>rasayanik	3	1
<sos>racreation	1	3
<sos>recreation	2	3
<sos>rig	3	3
<sos>riggs	1	3
<sos>rigs	2	3
<sos>richual	1	1
<sos>ritual	2	1
<sos>reduction	3	3
<sos>ripan	2	2
<sos>ripon	1	1
<sos>ria	1	1
<sos>riya	3	3
<sos>rishte	2	1
<sos>rishtey	1	1
<sos>risane	1	1
<sos>risaney	1	1
<sos>risne	1	2
<sos>rihana	2	1
<sos>rihanna	1	1
<sos>regal	2	3
<sos>rigal	1	3
<sos>reasonal	1	1
<sos>regional	2	1
<sos>retreate	1	3
<sos>retweet	5	3
<sos>reeta	3	1
<sos>rita	1	2
<sos>rukate	1	1
<sos>rukte	2	1
<sos>ruktey	1	1
<sos>rugan	1	1
<sos>rugna	2	1
<sos>ruganta	1	1
<sos>rugnata	2	1
<sos>rojvelt	1	1
<sos>roojwelt	1	1
<sos>roosevelt	1	1
<sos>rodolph	1	1
<sos>rudolf	2	1
<sos>rudolph	1	1
<sos>roopesh	1	1
<sos>rupesh	2	1
<sos>ruby	3	1
<sos>roomani	1	1
<sos>rumani	2	1
<sos>rukavaton	3	1
<sos>root	2	1
<sos>route	1	1
<sos>rooting	1	1
<sos>routine	1	3
<sos>routing	1	3
<sos>roots	2	1
<sos>routes	1	1
<sos>roopak	2	1
<sos>rupak	2	3
<sos>roopi	1	1
<sos>rupi	3	3
<sos>rantle	1	1
<sos>rental	2	1
<sos>registan	3	3
<sos>registani	3	3
<sos>reja	2	1
<sos>reza	1	1
<sos>rate	8	3
<sos>rate	1	3
<sos>ret	2	3
<sos>refaeli	2	1
<sos>refeli	2	1
<sos>reshe	2	3
<sos>reshey	1	1
<sos>race	2	3
<sos>rese	1	1
<sos>racer	2	1
<sos>recer	1	1
<sos>racing	3	1
<sos>reson	3	1
<sos>rehaana	1	1
<sos>rehana	2	1
<sos>racketeer	1	1
<sos>racketier	1	1
<sos>rectare	1	3
<sos>radical	2	3
<sos>raidical	1	3
<sos>raith	3	3
<sos>rapping	2	1
<sos>wrapping	1	1
<sos>robertsan	1	1
<sos>robertson	2	1
<sos>robinson	3	1
<sos>royals	3	1
<sos>rojlin	2	1
<sos>rozlyn	1	1
<sos>rotation	3	3
<sos>rodrigo	3	1
<sos>ronaldo	3	1
<sos>ronit	3	3
<sos>roni	3	3
<sos>ropane	1	1
<sos>ropaney	1	1
<sos>ropne	1	1
<sos>robin	3	3
<sos>roya	3	3
<sos>rollers	3	3
<sos>rovan	1	3
<sos>rowan	2	1
<sos>rosario	1	1
<sos>rosariyo	2	1
<sos>raubadaar	1	1
<sos>raubadar	1	3
<sos>raubdar	2	3
<sos>landara	1	3
<sos>langada	2	1
<sos>langda	1	1
<sos>langar	3	3
<sos>langaron	2	3
<sos>langron	1	1
<sos>lambi	3	1
<sos>lakeer	1	1
<sos>lakir	3	1
<sos>lakiron	3	1
<sos>lakme	3	3
<sos>lakshmidhar	2	3
<sos>lakshmighar	1	3
<sos>lakshy	5	1
<sos>lakshya	2	3
<sos>lakshyon	3	1
<sos>lux	3	1
<sos>laksar	2	1
<sos>luxor	1	1
<sos>lakhkhi	3	3
<sos>lagna	3	1
<sos>laganewale	1	1
<sos>lagnevaaley	1	1
<sos>lagnewale	1	1
<sos>lagega	3	3
<sos>lajjalu	3	3
<sos>latkate	3	1
<sos>ladki	3	3
<sos>ladate	1	1
<sos>ladte	2	3
<sos>ladaai	1	1
<sos>ladai	3	3
<sos>ladaaiyon	1	1
<sos>ladaeyon	1	1
<sos>ladaiyon	2	3
<sos>lapetane	2	3
<sos>lapetne	1	1
<sos>labada	2	3
<sos>lbada	1	1
<sos>labdh	2	3
<sos>lbdh	1	3
<sos>lalak	3	3
<sos>lalkarata	1	1
<sos>lalkarta	2	3
<sos>lalla	3	3
<sos>lavasa	2	1
<sos>lovasa	1	1
<sos>lassi	3	1
<sos>lahanaa	1	1
<sos>lahna	1	1
<sos>lehna	1	1
<sos>lahraee	1	1
<sos>lahrai	2	1
<sos>lehrayi	1	1
<sos>lahalhati	1	3
<sos>lahlahaati	1	1
<sos>lahlahati	2	1
<sos>lahsun	2	1
<sos>lasoon	1	1
<sos>lanchar	1	3
<sos>launcher	2	1
<sos>lycopene	3	1
<sos>lime	3	3
<sos>lives	3	3
<sos>live	3	3
<sos>laegi	3	1
<sos>lagataar	1	1
<sos>lagatar	2	3
<sos>laata	2	1
<sos>lata	1	3
<sos>laati	2	1
<sos>lati	1	3
<sos>layega	3	1
<sos>lalpur	3	1
<sos>las	1	1
<sos>last	2	3
<sos>lindbhed	1	1
<sos>lingbhed	4	1
<sos>lindan	1	3
<sos>lindn	1	1
<sos>lindon	1	1
<sos>likhakar	2	1
<sos>likhkar	1	3
<sos>ligar	2	3
<sos>liger	2	3
<sos>liberation	2	3
<sos>libration	1	3
<sos>liberation	2	3
<sos>libration	1	3
<sos>leaderon	1	1
<sos>leedaron	1	1
<sos>lidaron	1	3
<sos>liidaron	1	1
<sos>louis	1	1
<sos>luis	2	1
<sos>ludhakate	1	1
<sos>ludhkate	1	1
<sos>lurhakate	1	1
<sos>lutf	3	3
<sos>lumding	3	3
<sos>lootmaar	2	1
<sos>lootmar	1	1
<sos>landal	1	3
<sos>lendal	2	1
<sos>lega	3	3
<sos>legaa	1	1
<sos>letakar	1	1
<sos>letkar	2	3
<sos>lenevali	1	1
<sos>lenewali	2	1
<sos>label	3	1
<sos>labeling	2	3
<sos>labelling	1	3
<sos>labelo	1	1
<sos>labelon	1	1
<sos>lebalon	1	1
<sos>lemon	3	1
<sos>laingadan	1	1
<sos>langdon	1	1
<sos>lengdan	1	1
<sos>laigikata	1	1
<sos>laingikta	2	1
<sos>lanset	1	3
<sos>lenset	2	1
<sos>lairi	1	1
<sos>lairy	1	1
<sos>larry	1	1
<sos>lace	1	3
<sos>less	2	1
<sos>locket	3	3
<sos>laundry	3	1
<sos>longewal	1	1
<sos>longewala	1	1
<sos>longoval	1	1
<sos>log	6	3
<sos>loge	3	3
<sos>lochdar	3	3
<sos>lodi	3	3
<sos>laurence	1	1
<sos>laurens	1	1
<sos>laurense	1	1
<sos>wonder	3	3
<sos>vansh	3	3
<sos>vanshdhar	3	1
<sos>vanshavad	1	1
<sos>vanshvaad	1	1
<sos>vanshvad	2	1
<sos>wanshwad	1	1
<sos>vajood	1	1
<sos>vajud	2	1
<sos>wajood	1	1
<sos>vadali	1	1
<sos>vadli	1	1
<sos>wadali	2	1
<sos>vanita	3	1
<sos>vareinye	1	1
<sos>varenya	2	1
<sos>varn	3	1
<sos>varna	3	1
<sos>varnit	3	1
<sos>vartamaan	1	1
<sos>vartaman	3	1
<sos>vartmaan	1	1
<sos>vartman	3	1
<sos>varddhaman	1	1
<sos>vardhmaan	1	1
<sos>vardhman	1	1
<sos>verbal	3	1
<sos>varshan	1	1
<sos>vasharan	1	1
<sos>vershan	1	1
<sos>version	4	1
<sos>varsaache	1	1
<sos>varsaryache	1	1
<sos>vasearche	1	1
<sos>valkan	1	1
<sos>valkkan	1	1
<sos>velkan	1	1
<sos>vash	3	3
<sos>vashikaran	3	3
<sos>vaangchuk	1	1
<sos>vangchuk	1	1
<sos>wangchuk	1	1
<sos>want	3	1
<sos>vije	1	3
<sos>vise	1	1
<sos>wise	1	3
<sos>vatar	1	1
<sos>water	2	1
<sos>watson	2	1
<sos>wattson	1	1
<sos>vaan	2	1
<sos>waan	1	1
<sos>vaanon	1	1
<sos>vanon	1	1
<sos>wanon	1	1
<sos>vatanukulan	2	3
<sos>watanukoollan	1	1
<sos>vaadak	1	1
<sos>vadak	2	3
<sos>vaadiyon	1	1
<sos>vadiyon	1	3
<sos>wadiyon	1	1
<sos>vayana	1	1
<sos>vayna	1	1
<sos>wayna	1	1
<sos>wireless	2	3
<sos>wirerless	1	3
<sos>warrior	1	1
<sos>warriors	2	1
<sos>valve	2	1
<sos>wolv	1	1
<sos>vastavik	1	1
<sos>vastvik	2	1
<sos>vaahikayen	1	1
<sos>vahikayen	2	1
<sos>wahikayan	1	1
<sos>winter	3	3
<sos>vincent	3	1
<sos>vikalpon	3	1
<sos>wicket	3	3
<sos>vikramjeet	3	1
<sos>vikramjit	1	3
<sos>vichaarakon	1	1
<sos>vicharakon	2	3
<sos>vigyan	3	1
<sos>vigyaani	1	1
<sos>vigyani	2	1
<sos>vigyaanon	1	1
<sos>vigyanon	2	1
<sos>vitthal	3	1
<sos>viththal	2	1
<sos>vitthal	1	1
<sos>vitark	3	1
<sos>vidhaaein	1	1
<sos>vidyaayein	1	1
<sos>vidyaen	1	1
<sos>vidhaaon	1	1
<sos>vidyaaon	1	1
<sos>vidyaon	1	1
<sos>vidhansabhaein	1	1
<sos>vidhansabhaen	2	1
<sos>vidhivat	3	3
<sos>vidhut	3	1
<sos>vinasht	3	3
<sos>vineet	2	1
<sos>vinit	1	1
<sos>vipreetataa	1	1
<sos>vipritata	2	1
<sos>vipra	5	3
<sos>vipro	1	1
<sos>wipro	2	1
<sos>vibha	3	3
<sos>vibhajak	3	3
<sos>vibhram	1	3
<sos>vibhrm	1	1
<sos>vibram	1	3
<sos>vimarsh	3	3
<sos>vimarsho	1	1
<sos>vimarshon	2	1
<sos>virajati	3	3
<sos>virechan	3	3
<sos>virodh	3	3
<sos>virodhabhasi	3	1
<sos>virodhabhason	3	1
<sos>vividh	3	3
<sos>vivekahin	1	3
<sos>vivekheen	2	1
<sos>visheshan	3	3
<sos>visheshanon	3	1
<sos>visheshaadhikaar	1	1
<sos>visheshadhikar	2	3
<sos>vishwasaniy	2	1
<sos>vishwasniiya	1	1
<sos>vishwasaniyata	2	1
<sos>vishwasniiyataa	1	1
<sos>vishahin	1	1
<sos>vishhin	2	1
<sos>vishanu	3	3
<sos>vishnu	7	1
<sos>vlc	3	3
<sos>weeks	3	1
<sos>veerchand	2	1
<sos>virchand	2	3
<sos>veeresh	1	1
<sos>viresh	2	3
<sos>vritton	1	1
<sos>vruton	1	1
<sos>vrutton	1	1
<sos>venkataraman	1	1
<sos>venkatraman	3	1
<sos>ved	1	1
<sos>wade	1	1
<sos>wed	1	1
<sos>wedding	4	1
<sos>vediyon	3	1
<sos>vedon	3	1
<sos>venezuela	3	1
<sos>veronica	1	3
<sos>veronika	1	1
<sos>weronika	1	1
<sos>velvet	2	3
<sos>welwet	1	1
<sos>welder	1	1
<sos>weldor	2	1
<sos>welding	3	1
<sos>wealth	3	1
<sos>vellur	6	1
<sos>velur	1	1
<sos>vesh	3	3
<sos>wasting	2	3
<sos>westing	2	1
<sos>wastinghouse	1	1
<sos>westinghouse	2	1
<sos>vaisley	1	1
<sos>vesle	1	1
<sos>wesle	1	1
<sos>vaigyaanik	1	1
<sos>vaigyanik	5	1
<sos>vegyanik	1	1
<sos>vaigyaanikta	1	1
<sos>vaigyanikata	1	1
<sos>vaigyanikta	1	1
<sos>vaitravati	2	1
<sos>vaitrawati	1	1
<sos>vaimanasy	1	1
<sos>vaimanasya	1	1
<sos>vaimanya	1	2
<sos>very	3	1
<sos>vaisaakh	1	1
<sos>vaishakh	2	3
<sos>vaishaakhi	1	1
<sos>vaishakhi	2	3
<sos>vaishnodevi	3	1
<sos>vyaktigat	3	3
<sos>vyagr	1	1
<sos>vyagra	2	3
<sos>vyatit	3	3
<sos>vytit	1	1
<sos>vyabhichar	2	3
<sos>vyabhichari	1	1
<sos>vyavadhan	1	3
<sos>vyavdhan	2	1
<sos>vyavahargat	2	1
<sos>vyvhargat	1	1
<sos>vyaghat	3	3
<sos>vyapak	3	3
<sos>vlad	2	1
<sos>wlaad	1	1
<sos>vladimir	5	3
<sos>shanghai	3	3
<sos>shatpath	3	3
<sos>shanivar	2	1
<sos>shaniwar	1	1
<sos>shabana	2	1
<sos>shbana	1	1
<sos>shabdarth	3	3
<sos>shamadan	1	1
<sos>shmadan	2	1
<sos>shamitabh	3	3
<sos>shamil	2	3
<sos>shmil	1	1
<sos>sharabon	2	1
<sos>shrabon	1	3
<sos>shararat	2	1
<sos>shrart	1	1
<sos>sharmana	3	1
<sos>shaharwasiyon	1	1
<sos>shahrvasiyon	1	1
<sos>shervasiyon	1	1
<sos>shahdara	3	3
<sos>shaantikaal	1	1
<sos>shantikal	2	3
<sos>shaao	1	1
<sos>shao	2	1
<sos>shaakir	2	1
<sos>shakir	1	1
<sos>shaakhaaen	1	1
<sos>shakhayan	1	3
<sos>shakhayen	1	1
<sos>shayak	3	3
<sos>shaavakon	1	1
<sos>shavakon	1	3
<sos>shavkon	1	1
<sos>shaasaka	1	1
<sos>shasak	3	3
<sos>sasakon	1	1
<sos>shaasakon	1	1
<sos>shasakon	2	2
<sos>shipra	4	3
<sos>shirke	3	3
<sos>sheershakon	1	1
<sos>shirshakon	1	3
<sos>shirshkon	1	1
<sos>shujaat	1	1
<sos>shujat	2	3
<sos>shooting	2	3
<sos>shutting	1	3
<sos>should	1	1
<sos>shud	2	1
<sos>shubhankar	3	3
<sos>shumaali	1	1
<sos>shumali	2	3
<sos>shringaar	2	1
<sos>shringar	1	1
<sos>shrungar	1	1
<sos>sheling	1	3
<sos>shelling	2	3
<sos>shaili	5	3
<sos>shaly	1	1
<sos>sheli	1	3
<sos>shaishav	3	3
<sos>sean	1	1
<sos>shaun	2	1
<sos>shawn	1	1
<sos>short	3	3
<sos>sure	3	3
<sos>shrankhala	1	1
<sos>shrankhalaa	1	1
<sos>shrunkhla	1	1
<sos>shrankhalaaon	1	1
<sos>shrinkhalaon	1	1
<sos>shrunkhlaon	1	1
<sos>shravani	3	1
<sos>shrikar	3	3
<sos>shrikhand	3	3
<sos>shrimati	3	3
<sos>shriram	2	3
<sos>sriram	1	3
<sos>shrotaon	3	3
<sos>shat	3	1
<sos>sankhyaein	1	1
<sos>sankhyaen	1	1
<sos>sankhyayen	1	1
<sos>sanghanit	2	3
<sos>sanghnit	1	1
<sos>sanchayan	3	3
<sos>sanchar	3	3
<sos>sanchaari	1	1
<sos>sanchari	3	3
<sos>sanchalanon	1	1
<sos>sanchalnon	2	1
<sos>sanjay	6	1
<sos>sanjeevan	1	1
<sos>sanjivan	2	3
<sos>santati	3	3
<sos>sandarbh	4	1
<sos>sandarbha	1	1
<sos>sandrbh	1	1
<sos>sandarbhon	1	1
<sos>sandrbhon	2	1
<sos>sandali	2	3
<sos>sandli	1	1
<sos>sandhan	3	3
<sos>samprati	2	1
<sos>samprti	1	1
<sos>samprabhu	2	1
<sos>samprbhu	1	1
<sos>samprabhuta	2	1
<sos>samprbhuta	1	1
<sos>sambit	3	3
<sos>sambhalane	1	1
<sos>sambhalne	2	2
<sos>sambhrant	2	1
<sos>sanbharnt	1	1
<sos>sanyog	1	3
<sos>sanyukt	4	3
<sos>sanyukta	1	1
<sos>sanyukta	3	1
<sos>sanyogvash	3	1
<sos>sanyojan	3	3
<sos>sanyojanon	2	1
<sos>sanyojnon	1	1
<sos>samvedikaran	1	1
<sos>sanvedikaran	2	1
<sos>samshayon	1	1
<sos>sanshayon	1	3
<sos>sanshyon	1	1
<sos>sanskaar	1	1
<sos>sanskar	5	3
<sos>sanskaari	1	1
<sos>sanskari	3	3
<sos>sanskrit	5	1
<sos>sanskurt	1	1
<sos>sanskritiyan	2	1
<sos>sanskrutiyan	1	1
<sos>sanskritiyon	2	1
<sos>sanskrutiyon	1	1
<sos>sanasthit	1	3
<sos>sansthit	2	1
<sos>sanasthita	1	1
<sos>sansthita	2	1
<sos>sakara	1	1
<sos>sakra	2	1
<sos>sakshan	1	3
<sos>suction	2	3
<sos>sacchidanand	2	1
<sos>sachhidanand	1	1
<sos>sachidanand	1	3
<sos>sajja	3	3
<sos>sat	5	1
<sos>satpal	3	3
<sos>satluj	3	1
<sos>sataane	1	1
<sos>satane	2	1
<sos>sate	3	3
<sos>satti	3	3
<sos>satvat	3	3
<sos>sadanand	3	3
<sos>sapane	1	1
<sos>sapne	1	1
<sos>sapney	1	1
<sos>saparivaar	1	1
<sos>sapariwar	1	1
<sos>sparivar	1	3
<sos>sapaat	1	1
<sos>sapat	2	3
<sos>sapate	2	1
<sos>sapatey	1	1
<sos>saptakranti	2	2
<sos>saptkraanti	1	1
<sos>saptapadi	2	1
<sos>saptpadi	1	1
<sos>saptari	3	3
<sos>sapramaan	1	1
<sos>sapraman	2	3
<sos>submit	3	3
<sos>sabmission	1	2
<sos>submission	2	3
<sos>sabhaein	1	1
<sos>sabhaen	1	1
<sos>sabhayen	1	1
<sos>sabhen	1	1
<sos>sabhasadon	3	1
<sos>sabhyata	3	1
<sos>samjhoonga	1	1
<sos>samjhunga	3	1
<sos>samjhungaa	1	1
<sos>saman	8	3
<sos>samanvayaka	1	1
<sos>samanwayaka	1	1
<sos>samnvyak	1	1
<sos>samaadhaan	1	1
<sos>samadhan	2	3
<sos>samadhiyon	2	3
<sos>samadjiyon	1	2
<sos>samalakha	2	3
<sos>samalakhaa	1	1
<sos>samahaar	1	1
<sos>samahar	2	3
<sos>samitiyan	3	1
<sos>sametati	2	3
<sos>sametti	1	1
<sos>sarka	2	3
<sos>sarkaa	1	1
<sos>sarkarein	1	1
<sos>sarkaren	2	1
<sos>sarkaaron	1	1
<sos>sarkaron	2	1
<sos>sargana	3	1
<sos>sarganaon	3	1
<sos>sargi	3	3
<sos>sarguja	2	3
<sos>sarjuga	1	3
<sos>sarsa	2	1
<sos>sarsaa	1	1
<sos>sarahind	1	3
<sos>sarhind	1	3
<sos>sirhind	1	3
<sos>saraaha	1	1
<sos>saraha	2	1
<sos>saraahi	1	1
<sos>sarahi	2	1
<sos>salaahkar	1	1
<sos>salahkaar	1	1
<sos>salahkar	1	3
<sos>saleeb	1	1
<sos>salib	2	3
<sos>select	3	3
<sos>saltanat	2	3
<sos>saltnat	1	1
<sos>savaal	1	1
<sos>saval	1	3
<sos>sawaal	1	1
<sos>sawal	5	1
<sos>sahakalaakar	1	1
<sos>sahakalakar	2	1
<sos>sahkalakar	4	3
<sos>sahadev	1	1
<sos>sahdev	2	3
<sos>sahrawat	2	1
<sos>sherawat	1	1
<sos>sahooliyata	1	1
<sos>sahuliyat	2	3
<sos>sahuuliyata	1	1
<sos>saanketika	1	1
<sos>sanketik	2	1
<sos>saimans	1	1
<sos>simmons	1	3
<sos>symons	1	1
<sos>saima	3	1
<sos>sagarika	2	3
<sos>sagrika	1	3
<sos>saga	3	3
<sos>saajan	1	1
<sos>sajan	3	3
<sos>saajsajja	2	1
<sos>sajsajja	1	3
<sos>saja	3	3
<sos>saathsaath	2	1
<sos>sathsath	1	3
<sos>sathiya	3	3
<sos>saabah	1	1
<sos>sabah	2	3
<sos>samanjasy	1	1
<sos>samanjasya	2	1
<sos>samoa	2	1
<sos>samoaa	1	1
<sos>saayn	1	1
<sos>sayan	1	3
<sos>saym	1	1
<sos>saira	1	1
<sos>sayara	2	1
<sos>sayra	1	1
<sos>salve	3	1
<sos>sahab	3	3
<sos>singapore	3	1
<sos>singaar	1	1
<sos>singar	1	1
<sos>singer	1	3
<sos>singhaadey	1	1
<sos>singhade	1	1
<sos>singhde	1	1
<sos>singhre	1	1
<sos>singhi	3	3
<sos>singha	1	1
<sos>sinha	2	3
<sos>siera	1	1
<sos>sierra	2	1
<sos>sikud	3	1
<sos>signals	3	1
<sos>cigaretton	2	1
<sos>cigretton	1	1
<sos>siddhivat	1	3
<sos>siddhvat	1	1
<sos>siddhwat	1	1
<sos>sinabang	3	1
<sos>synapse	3	1
<sos>sipah	2	1
<sos>sipaha	1	1
<sos>sipahiyon	3	3
<sos>sipahi	3	3
<sos>sim	3	3
<sos>simat	3	3
<sos>simatataa	1	1
<sos>simatta	1	3
<sos>simtata	1	1
<sos>simtataa	1	1
<sos>cement	1	3
<sos>simate	2	3
<sos>simi	2	3
<sos>simmy	1	1
<sos>sims	3	3
<sos>siyasi	3	1
<sos>siyah	2	3
<sos>siyaha	1	1
<sos>sirpur	3	3
<sos>sivan	1	3
<sos>siwan	3	1
<sos>sisva	1	1
<sos>siswa	2	1
<sos>cil	3	1
<sos>csi	3	3
<sos>sikar	3	3
<sos>seaten	3	1
<sos>sitaram	3	1
<sos>sitaharan	3	1
<sos>cpm	3	3
<sos>cps	3	3
<sos>cbse	3	3
<sos>seem	1	1
<sos>sim	2	3
<sos>sealed	2	1
<sos>shield	1	1
<sos>ccd	3	3
<sos>sugamata	2	1
<sos>sugmta	1	1
<sos>sujan	1	3
<sos>sujen	1	1
<sos>suken	1	1
<sos>sujain	3	1
<sos>sujhaati	1	1
<sos>sujhati	3	3
<sos>sutali	3	3
<sos>sutli	3	3
<sos>suta	3	3
<sos>sdueep	1	3
<sos>sudip	2	3
<sos>sudhaargrah	1	1
<sos>sudhargrih	1	1
<sos>sudhargruh	1	1
<sos>sunaaron	1	1
<sos>sunaron	2	3
<sos>sunaseer	2	1
<sos>sunasir	1	1
<sos>suneeti	1	1
<sos>suniti	2	3
<sos>sunega	2	3
<sos>suneyga	1	1
<sos>superhit	3	3
<sos>supachy	1	1
<sos>supachya	1	1
<sos>supachye	1	1
<sos>subhaay	1	1
<sos>subhay	3	3
<sos>surveen	1	1
<sos>survin	2	3
<sos>surana	3	3
<sos>sulkhan	3	3
<sos>suljaayi	1	1
<sos>suljayi	1	3
<sos>suljhai	1	3
<sos>sulzai	1	1
<sos>sultana	3	3
<sos>sulaati	1	1
<sos>sulati	3	3
<sos>susanskrit	2	1
<sos>susanskrut	1	1
<sos>suhagin	3	3
<sos>soond	1	1
<sos>sund	2	3
<sos>suiyan	3	3
<sos>sukhati	1	3
<sos>sukhti	2	3
<sos>sukhakar	3	3
<sos>soochak	2	1
<sos>suchak	4	3
<sos>sooja	2	1
<sos>suja	2	3
<sos>suba	3	3
<sos>sube	3	3
<sos>sooraj	1	1
<sos>suraj	7	3
<sos>surinaam	1	1
<sos>surinama	1	1
<sos>suriname	1	1
<sos>suryadev	3	1
<sos>sendha	3	1
<sos>senvai	2	1
<sos>sevai	1	3
<sos>sensing	3	3
<sos>sexual	3	3
<sos>saturday	3	1
<sos>seti	3	3
<sos>seto	3	3
<sos>seth	3	3
<sos>safety	3	1
<sos>semen	1	1
<sos>semin	2	1
<sos>self	3	1
<sos>selfie	3	1
<sos>save	3	3
<sos>sev	1	1
<sos>sevakon	3	1
<sos>sevkon	1	1
<sos>samuels	3	1
<sos>celery	1	1
<sos>salary	6	1
<sos>sakar	1	3
<sos>socar	1	3
<sos>soccer	1	3
<sos>songs	3	1
<sos>solicitor	3	3
<sos>sochane	2	1
<sos>sochne	1	1
<sos>sonu	6	3
<sos>soma	2	3
<sos>spma	1	3
<sos>somi	3	3
<sos>soy	3	1
<sos>soya	3	3
<sos>solitaire	3	1
<sos>soharai	1	1
<sos>sohrai	2	1
<sos>sohaval	1	1
<sos>sohawal	2	1
<sos>saunpane	2	1
<sos>sonpne	1	1
<sos>scala	2	3
<sos>skala	1	1
<sos>ski	3	3
<sos>scootaron	1	1
<sos>scooteron	1	1
<sos>skootaron	1	1
<sos>scandinavia	3	1
<sos>scaining	1	1
<sos>scanning	2	3
<sos>squash	3	3
<sos>squash	3	3
<sos>skhalan	3	3
<sos>stain	1	1
<sos>stan	2	1
<sos>stop	3	3
<sos>stops	3	3
<sos>stone	3	1
<sos>straws	2	1
<sos>stress	1	1
<sos>stra	1	1
<sos>stray	1	1
<sos>stre	1	1
<sos>strocks	1	1
<sos>strokes	2	1
<sos>stan	4	1
<sos>stanadhari	1	1
<sos>standhaari	1	1
<sos>standhari	2	1
<sos>sthiti	1	3
<sos>stithi	2	3
<sos>stuti	6	3
<sos>sthitiyaan	1	1
<sos>sthitiyan	3	1
<sos>sthitiyon	3	1
<sos>sthool	1	1
<sos>sthul	2	3
<sos>sthoolta	1	1
<sos>sthulata	2	1
<sos>sneakers	2	3
<sos>snickers	1	1
<sos>snikarse	1	1
<sos>spear	3	1
<sos>spell	3	1
<sos>spelar	1	1
<sos>speller	2	3
<sos>sprint	1	1
<sos>sprit	2	3
<sos>spray	2	3
<sos>spry	1	1
<sos>sfoorti	1	1
<sos>sfurti	1	1
<sos>sphoorti	1	1
<sos>slide	3	1
<sos>slider	3	3
<sos>slaaidon	1	1
<sos>slidon	2	1
<sos>sliders	1	3
<sos>slides	2	3
<sos>slice	3	1
<sos>slash	3	3
<sos>swaroopon	1	1
<sos>swarupon	2	1
<sos>swa	3	1
<sos>swaachaalit	1	1
<sos>swachalit	2	1
<sos>swaarthparak	1	1
<sos>swarthparak	2	1
<sos>swiftlate	1	1
<sos>swiftlet	2	3
<sos>sweekarte	1	1
<sos>swikarte	2	1
<sos>sweet	3	1
<sos>sweep	3	3
<sos>sweccha	1	1
<sos>swecha	1	1
<sos>swechha	1	1
<sos>sweta	3	1
<sos>swap	4	3
<sos>swipe	1	1
<sos>handiya	1	3
<sos>handiyaa	1	1
<sos>hundiya	1	3
<sos>hakikat	2	3
<sos>haqeeqat	1	1
<sos>hathiya	3	3
<sos>hamala	2	1
<sos>hamla	4	1
<sos>hamalavar	1	1
<sos>hamlavar	1	1
<sos>humlavar	1	1
<sos>hamaal	2	1
<sos>hamal	1	3
<sos>hercules	3	1
<sos>hardas	3	3
<sos>harpaal	1	1
<sos>harpal	2	1
<sos>harvansh	3	3
<sos>haraval	1	1
<sos>harawal	2	1
<sos>hurricane	3	3
<sos>harijan	3	3
<sos>hariyali	3	3
<sos>harshit	3	3
<sos>haldi	3	3
<sos>halla	3	3
<sos>hawamahal	3	1
<sos>hawalaat	1	1
<sos>hawalat	2	1
<sos>hasino	1	1
<sos>hasinon	2	3
<sos>haan	1	1
<sos>han	2	3
<sos>haanfte	1	1
<sos>hafate	1	1
<sos>hanfte	1	1
<sos>higman	1	3
<sos>hymen	2	1
<sos>hadauti	3	3
<sos>haani	1	1
<sos>hani	2	3
<sos>haarjeet	2	1
<sos>harjeet	1	1
<sos>haaranaa	1	1
<sos>harana	1	1
<sos>harna	2	1
<sos>haalchaal	3	1
<sos>haalchal	3	1
<sos>halchaal	1	1
<sos>halchal	2	3
<sos>halt	2	3
<sos>hault	1	3
<sos>hahakar	3	3
<sos>hingis	3	3
<sos>hindan	2	3
<sos>hindon	1	3
<sos>hijada	2	1
<sos>hijda	1	1
<sos>hijbul	3	1
<sos>hippo	3	3
<sos>hippopotamus	3	3
<sos>himali	3	3
<sos>hilane	1	3
<sos>hilne	2	2
<sos>hisham	3	3
<sos>heeraganj	1	1
<sos>hiraganj	2	3
<sos>heroes	2	3
<sos>heros	1	3
<sos>hui	1	3
<sos>huin	2	1
<sos>hooper	1	1
<sos>huppar	1	3
<sos>hupper	1	3
<sos>hegde	3	1
<sos>hemvati	1	1
<sos>hemwati	3	3
<sos>help	6	1
<sos>helper	3	3
<sos>haito	3	1
<sos>hairam	2	1
<sos>harem	1	3
<sos>herald	3	1
<sos>haive	1	1
<sos>have	2	3
<sos>hong	3	3
<sos>half	2	3
<sos>hoaf	1	1
<sos>hounga	3	3
<sos>holding	3	3
<sos>hoshangabaad	1	1
<sos>hoshangabad	2	1
<sos>hostes	1	3
<sos>hostess	2	3
